ticker,date,temperature_2m_max,temperature_2m_min,dewpoint_2m_mean,surface_pressure_mean,cloud_cover_mean,wind_speed_10m_max,wind_direction_10m_dominant,precipitation_sum,snowfall_sum
KXHIGHCHI,2022-01-01,39.5,29.7,30.5,977.7,100,26.5,26,0.358,2.48
KXHIGHCHI,2022-01-02,29.0,11.0,18.4,987.4,75,23.6,352,0.134,0.937
KXHIGHCHI,2022-01-03,20.7,3.8,4.8,993.8,1,13.6,236,0.0,0.0
KXHIGHCHI,2022-01-04,33.3,19.9,18.2,982.7,61,18.3,189,0.0,0.0
KXHIGHCHI,2022-01-05,31.2,10.1,10.4,973.6,73,27.9,248,0.004,0.028
KXHIGHCHI,2022-01-06,13.1,4.2,2.5,985.5,41,18.2,268,0.0,0.0
KXHIGHCHI,2022-01-07,12.4,-3.1,-3.8,992.8,29,14.8,256,0.0,0.0
KXHIGHCHI,2022-01-08,33.1,8.7,12.5,988.6,64,17.7,178,0.028,0.0
KXHIGHCHI,2022-01-09,33.8,9.5,15.0,992.6,47,19.3,285,0.024,0.0
KXHIGHCHI,2022-01-10,17.0,6.7,-3.7,1000.7,34,14.3,291,0.008,0.055
KXHIGHCHI,2022-01-11,34.8,5.1,2.4,994.2,18,23.6,206,0.0,0.0
KXHIGHCHI,2022-01-12,40.6,28.9,28.4,983.2,85,16.3,240,0.008,0.0
KXHIGHCHI,2022-01-13,38.3,26.1,30.6,981.8,88,10.3,14,0.0,0.0
KXHIGHCHI,2022-01-14,34.1,26.7,26.0,989.1,99,17.9,35,0.016,0.11
KXHIGHCHI,2022-01-15,26.2,21.1,15.6,994.9,80,19.4,62,0.039,0.276
KXHIGHCHI,2022-01-16,26.4,11.6,9.0,982.8,46,9.1,198,0.016,0.11
KXHIGHCHI,2022-01-17,29.5,22.3,17.6,977.6,76,17.0,297,0.0,0.0
KXHIGHCHI,2022-01-18,42.4,18.7,23.3,979.2,53,23.4,203,0.0,0.0
KXHIGHCHI,2022-01-19,39.7,13.3,13.7,985.2,72,21.8,295,0.0,0.0
KXHIGHCHI,2022-01-20,18.0,7.2,-0.1,1001.1,32,15.2,334,0.0,0.0
KXHIGHCHI,2022-01-21,25.2,13.5,4.6,1000.8,54,13.2,216,0.0,0.0
KXHIGHCHI,2022-01-22,33.3,18.0,9.1,990.1,94,18.8,233,0.016,0.11
KXHIGHCHI,2022-01-23,24.5,1.1,8.9,982.0,74,19.4,327,0.272,1.902
KXHIGHCHI,2022-01-24,27.0,0.6,11.4,975.8,76,15.8,269,0.138,0.965
KXHIGHCHI,2022-01-25,9.6,-2.4,-3.6,991.2,7,13.9,293,0.0,0.0
KXHIGHCHI,2022-01-26,9.1,-12.0,-10.0,996.7,12,15.9,235,0.0,0.0
KXHIGHCHI,2022-01-27,30.5,9.8,13.9,988.0,100,17.6,235,0.016,0.11
KXHIGHCHI,2022-01-28,27.2,5.2,14.0,993.0,94,15.7,39,0.161,1.13
KXHIGHCHI,2022-01-29,17.9,-1.8,1.7,988.2,67,11.1,218,0.0,0.0
KXHIGHCHI,2022-01-30,28.9,6.6,14.0,981.7,66,10.4,315,0.004,0.028
KXHIGHCHI,2022-01-31,30.1,18.6,20.2,986.8,90,16.0,168,0.0,0.0
KXHIGHCHI,2022-02-01,42.9,28.6,30.5,981.8,97,18.5,208,0.205,0.11
KXHIGHCHI,2022-02-02,33.0,21.1,20.4,991.0,100,24.3,356,0.657,4.63
KXHIGHCHI,2022-02-03,25.5,22.7,17.4,996.9,100,24.1,32,0.098,0.689
KXHIGHCHI,2022-02-04,22.5,13.4,12.5,994.5,92,15.3,282,0.012,0.083
KXHIGHCHI,2022-02-05,13.6,1.0,1.6,995.9,19,19.7,228,0.0,0.0
KXHIGHCHI,2022-02-06,27.0,14.4,15.2,988.5,28,18.6,207,0.0,0.0
KXHIGHCHI,2022-02-07,26.1,8.5,15.1,988.8,65,13.7,263,0.0,0.0
KXHIGHCHI,2022-02-08,35.9,3.7,15.5,981.9,59,16.9,197,0.0,0.0
KXHIGHCHI,2022-02-09,39.0,29.5,29.4,974.7,65,15.2,248,0.004,0.0
KXHIGHCHI,2022-02-10,31.8,23.5,22.2,979.5,87,18.1,250,0.008,0.055
KXHIGHCHI,2022-02-11,42.7,27.5,30.1,971.3,86,25.0,243,0.122,0.827
KXHIGHCHI,2022-02-12,27.1,12.0,5.0,992.1,54,20.8,314,0.012,0.083
KXHIGHCHI,2022-02-13,17.7,8.1,0.9,992.9,81,10.7,297,0.0,0.0
KXHIGHCHI,2022-02-14,27.5,12.3,3.8,993.3,71,8.8,218,0.0,0.0
KXHIGHCHI,2022-02-15,37.6,17.4,18.0,993.9,86,21.0,144,0.0,0.0
KXHIGHCHI,2022-02-16,55.5,40.2,39.4,979.0,99,26.5,205,0.575,0.0
KXHIGHCHI,2022-02-17,42.9,19.1,24.1,981.8,100,28.3,359,0.803,1.929
KXHIGHCHI,2022-02-18,29.1,0.6,6.9,985.4,32,27.5,232,0.004,0.028
KXHIGHCHI,2022-02-19,30.4,6.5,2.0,993.1,18,25.1,279,0.012,0.083
KXHIGHCHI,2022-02-20,50.5,13.7,21.1,982.4,38,25.7,209,0.0,0.0
KXHIGHCHI,2022-02-21,52.2,28.0,34.8,981.7,71,13.5,71,0.0,0.0
KXHIGHCHI,2022-02-22,52.7,24.0,35.4,977.2,100,18.3,307,0.504,0.0
KXHIGHCHI,2022-02-23,25.0,17.1,9.6,997.6,86,17.3,337,0.004,0.028
KXHIGHCHI,2022-02-24,27.9,24.0,17.1,994.9,100,15.2,67,0.102,0.717
KXHIGHCHI,2022-02-25,27.0,21.2,18.8,995.5,99,13.0,347,0.122,0.854
KXHIGHCHI,2022-02-26,34.4,8.7,10.5,998.1,10,15.3,237,0.0,0.0
KXHIGHCHI,2022-02-27,42.6,25.1,19.0,991.1,8,17.1,253,0.0,0.0
KXHIGHCHI,2022-02-28,53.7,24.8,27.4,986.8,57,20.1,194,0.0,0.0
KXHIGHCHI,2022-03-01,45.6,32.6,32.5,983.4,81,12.4,285,0.0,0.0
KXHIGHCHI,2022-03-02,53.9,28.6,31.6,986.1,66,16.1,61,0.02,0.0
KXHIGHCHI,2022-03-03,33.6,27.2,20.8,996.2,91,16.9,33,0.0,0.0
KXHIGHCHI,2022-03-04,37.3,24.8,23.3,995.8,84,14.0,98,0.0,0.0
KXHIGHCHI,2022-03-05,67.9,35.9,40.7,980.6,70,26.8,180,0.224,0.0
KXHIGHCHI,2022-03-06,58.2,35.2,35.7,980.6,82,26.6,247,0.138,0.0
KXHIGHCHI,2022-03-07,35.7,29.2,28.4,983.1,98,16.1,328,0.512,3.28
KXHIGHCHI,2022-03-08,37.8,19.0,20.5,989.1,37,11.7,226,0.0,0.0
KXHIGHCHI,2022-03-09,42.5,26.0,22.8,984.8,55,12.9,268,0.0,0.0
KXHIGHCHI,2022-03-10,27.4,22.1,16.6,990.7,96,12.9,3,0.047,0.331
KXHIGHCHI,2022-03-11,34.9,17.4,11.4,985.9,89,21.5,278,0.087,0.606
KXHIGHCHI,2022-03-12,23.8,9.9,-1.9,988.3,25,16.0,289,0.0,0.0
KXHIGHCHI,2022-03-13,51.4,18.4,18.3,983.0,38,16.4,225,0.004,0.028
KXHIGHCHI,2022-03-14,59.5,31.9,34.0,987.3,98,16.6,216,0.0,0.0
KXHIGHCHI,2022-03-15,42.1,30.2,33.4,989.5,49,10.5,23,0.0,0.0
KXHIGHCHI,2022-03-16,66.7,32.3,41.0,983.2,40,18.1,194,0.0,0.0
KXHIGHCHI,2022-03-17,63.4,41.1,43.8,980.3,76,12.4,285,0.161,0.0
KXHIGHCHI,2022-03-18,40.6,37.6,36.2,977.5,97,18.7,24,0.728,0.0
KXHIGHCHI,2022-03-19,41.4,35.4,35.9,976.6,93,17.0,320,0.264,0.0
KXHIGHCHI,2022-03-20,58.6,29.9,35.8,987.1,18,10.4,241,0.0,0.0
KXHIGHCHI,2022-03-21,70.0,39.1,41.0,986.5,86,16.5,202,0.0,0.0
KXHIGHCHI,2022-03-22,54.0,45.1,43.1,980.3,100,21.1,128,0.244,0.0
KXHIGHCHI,2022-03-23,60.2,46.0,48.0,967.6,94,20.4,165,0.78,0.0
KXHIGHCHI,2022-03-24,46.5,38.5,39.1,973.5,100,18.8,230,0.134,0.0
KXHIGHCHI,2022-03-25,47.8,35.1,33.0,974.7,79,22.2,277,0.043,0.0
KXHIGHCHI,2022-03-26,34.2,27.8,19.1,979.4,94,20.2,312,0.0,0.0
KXHIGHCHI,2022-03-27,33.2,23.5,14.2,988.8,24,16.4,343,0.0,0.0
KXHIGHCHI,2022-03-28,29.1,23.0,14.1,993.0,48,13.5,15,0.0,0.0
KXHIGHCHI,2022-03-29,40.4,27.3,22.8,988.1,100,18.9,117,0.008,0.0
KXHIGHCHI,2022-03-30,61.1,39.4,47.2,966.1,100,30.9,178,1.374,0.0
KXHIGHCHI,2022-03-31,52.2,34.2,35.2,965.3,100,17.0,280,0.665,0.138
KXHIGHCHI,2022-04-01,39.8,28.6,26.6,983.9,57,13.5,334,0.024,0.165
KXHIGHCHI,2022-04-02,42.3,29.9,30.5,983.9,83,12.9,187,0.209,0.028
KXHIGHCHI,2022-04-03,43.5,28.1,34.7,984.8,61,9.0,76,0.043,0.0
KXHIGHCHI,2022-04-04,54.3,38.8,39.4,979.4,80,17.7,213,0.382,0.0
KXHIGHCHI,2022-04-05,49.1,33.8,39.7,975.4,70,13.8,99,0.0,0.0
KXHIGHCHI,2022-04-06,56.6,44.6,41.8,968.5,77,25.7,225,0.598,0.0
KXHIGHCHI,2022-04-07,46.3,39.4,32.8,969.6,87,22.4,240,0.079,0.0
KXHIGHCHI,2022-04-08,39.3,34.0,34.1,973.0,96,16.1,314,0.201,0.386
KXHIGHCHI,2022-04-09,42.8,29.5,29.4,978.8,78,14.1,322,0.008,0.055
KXHIGHCHI,2022-04-10,57.1,29.8,33.9,978.9,56,20.2,154,0.0,0.0
KXHIGHCHI,2022-04-11,58.5,42.2,41.7,977.2,82,20.6,229,0.098,0.0
KXHIGHCHI,2022-04-12,64.8,37.4,46.0,980.4,65,22.8,141,0.024,0.0
KXHIGHCHI,2022-04-13,71.1,44.4,57.2,970.1,94,26.2,210,0.736,0.0
KXHIGHCHI,2022-04-14,50.0,35.1,26.0,978.4,17,33.2,247,0.0,0.0
KXHIGHCHI,2022-04-15,53.6,37.4,27.9,981.4,84,17.4,249,0.043,0.138
KXHIGHCHI,2022-04-16,46.2,32.0,26.7,987.5,63,14.0,322,0.0,0.0
KXHIGHCHI,2022-04-17,38.6,30.7,27.7,993.1,68,13.1,43,0.0,0.0
KXHIGHCHI,2022-04-18,43.9,34.2,31.3,987.0,86,21.5,292,0.26,0.772
KXHIGHCHI,2022-04-19,44.2,33.5,31.1,989.5,74,16.3,332,0.0,0.0
KXHIGHCHI,2022-04-20,50.8,38.5,37.3,987.7,100,23.9,154,0.201,0.0
KXHIGHCHI,2022-04-21,67.1,48.4,47.1,988.5,40,20.3,248,0.067,0.0
KXHIGHCHI,2022-04-22,58.0,44.7,45.8,993.2,97,20.4,111,0.15,0.0
KXHIGHCHI,2022-04-23,78.4,57.1,58.4,982.0,64,22.8,182,0.0,0.0
KXHIGHCHI,2022-04-24,71.5,56.8,58.7,978.6,93,25.9,210,0.197,0.0
KXHIGHCHI,2022-04-25,54.2,40.9,35.8,985.6,99,19.2,266,0.0,0.0
KXHIGHCHI,2022-04-26,51.5,36.9,28.3,992.5,63,20.9,298,0.0,0.0
KXHIGHCHI,2022-04-27,38.8,33.7,27.9,995.0,86,15.7,26,0.004,0.0
KXHIGHCHI,2022-04-28,47.5,36.0,37.5,991.5,99,14.6,96,0.047,0.0
KXHIGHCHI,2022-04-29,57.7,45.6,41.0,986.9,100,17.2,113,0.059,0.0
KXHIGHCHI,2022-04-30,67.6,48.9,50.4,978.0,93,21.5,136,1.173,0.0
KXHIGHCHI,2022-05-01,57.5,48.9,44.3,977.5,76,22.1,233,0.0,0.0
KXHIGHCHI,2022-05-02,55.6,45.2,42.2,984.8,95,11.9,267,0.004,0.0
KXHIGHCHI,2022-05-03,48.5,42.5,42.8,980.5,100,25.6,19,1.035,0.0
KXHIGHCHI,2022-05-04,48.0,39.5,39.8,990.3,85,22.0,15,0.0,0.0
KXHIGHCHI,2022-05-05,49.9,39.9,44.0,986.5,100,12.5,47,0.425,0.0
KXHIGHCHI,2022-05-06,47.6,45.4,43.7,977.6,100,20.3,34,0.303,0.0
KXHIGHCHI,2022-05-07,54.1,42.8,38.9,982.8,12,16.2,22,0.0,0.0
KXHIGHCHI,2022-05-08,61.6,42.9,43.7,983.3,99,15.7,129,0.0,0.0
KXHIGHCHI,2022-05-09,74.4,52.2,53.5,981.6,37,23.6,153,0.0,0.0
KXHIGHCHI,2022-05-10,84.8,64.0,67.0,985.3,67,18.6,176,0.098,0.0
KXHIGHCHI,2022-05-11,75.0,61.9,67.7,988.3,100,13.7,146,0.031,0.0
KXHIGHCHI,2022-05-12,85.4,67.1,64.3,987.2,70,15.3,152,0.0,0.0
KXHIGHCHI,2022-05-13,84.1,62.9,56.9,983.6,63,13.5,164,0.0,0.0
KXHIGHCHI,2022-05-14,75.7,61.2,59.3,982.0,88,10.5,88,0.0,0.0
KXHIGHCHI,2022-05-15,69.6,58.7,52.6,981.3,83,11.9,158,0.031,0.0
KXHIGHCHI,2022-05-16,76.3,54.0,44.3,979.9,20,18.6,283,0.004,0.0
KXHIGHCHI,2022-05-17,60.8,50.0,41.7,985.2,53,13.4,50,0.0,0.0
KXHIGHCHI,2022-05-18,60.5,52.2,49.2,979.4,82,13.7,61,0.283,0.0
KXHIGHCHI,2022-05-19,83.2,52.2,58.1,972.4,86,18.8,196,0.008,0.0
KXHIGHCHI,2022-05-20,86.9,57.1,63.8,968.4,99,29.0,207,0.701,0.0
KXHIGHCHI,2022-05-21,61.4,55.2,53.6,983.0,100,10.9,38,0.874,0.0
KXHIGHCHI,2022-05-22,61.0,50.2,43.4,992.2,94,13.9,11,0.004,0.0
KXHIGHCHI,2022-05-23,56.0,48.2,41.6,995.4,43,13.0,44,0.0,0.0
KXHIGHCHI,2022-05-24,59.6,47.8,46.7,991.1,88,16.3,48,0.0,0.0
KXHIGHCHI,2022-05-25,74.7,54.0,59.6,981.8,100,16.5,137,0.354,0.0
KXHIGHCHI,2022-05-26,74.6,62.0,64.1,977.1,87,15.8,182,0.15,0.0
KXHIGHCHI,2022-05-27,60.6,51.4,51.7,978.1,85,26.3,1,1.205,0.0
KXHIGHCHI,2022-05-28,69.0,48.6,54.3,981.3,51,13.9,155,0.0,0.0
KXHIGHCHI,2022-05-29,80.6,59.9,61.1,979.1,67,19.9,174,0.0,0.0
KXHIGHCHI,2022-05-30,84.3,67.5,62.4,979.7,54,21.0,188,0.0,0.0
KXHIGHCHI,2022-05-31,83.3,70.3,65.9,981.3,67,19.9,211,0.307,0.0
KXHIGHCHI,2022-06-01,69.3,58.5,58.4,983.2,99,11.6,30,0.051,0.0
KXHIGHCHI,2022-06-02,70.4,58.0,54.5,981.8,43,8.1,121,0.028,0.0
KXHIGHCHI,2022-06-03,80.1,57.3,44.7,982.1,4,15.3,267,0.0,0.0
KXHIGHCHI,2022-06-04,67.3,54.5,49.2,984.1,69,10.6,49,0.0,0.0
KXHIGHCHI,2022-06-05,71.2,59.3,52.4,980.0,89,10.4,74,0.024,0.0
KXHIGHCHI,2022-06-06,78.5,56.6,58.5,975.6,100,14.5,188,0.949,0.0
KXHIGHCHI,2022-06-07,59.3,53.0,53.8,980.8,70,17.7,26,0.008,0.0
KXHIGHCHI,2022-06-08,66.5,55.0,53.9,980.7,90,14.5,71,0.252,0.0
KXHIGHCHI,2022-06-09,76.3,52.4,53.2,982.9,61,13.6,299,0.0,0.0
KXHIGHCHI,2022-06-10,77.2,56.8,52.5,981.9,84,11.3,230,0.024,0.0
KXHIGHCHI,2022-06-11,73.7,55.6,58.7,979.1,81,10.3,216,0.0,0.0
KXHIGHCHI,2022-06-12,64.8,54.0,55.4,979.4,61,15.4,17,0.087,0.0
KXHIGHCHI,2022-06-13,85.0,54.6,63.5,979.8,95,18.5,131,0.303,0.0
KXHIGHCHI,2022-06-14,96.5,70.7,72.8,979.5,4,16.6,200,0.0,0.0
KXHIGHCHI,2022-06-15,96.4,78.1,68.3,980.7,58,24.3,209,0.0,0.0
KXHIGHCHI,2022-06-16,94.8,72.9,61.1,982.4,42,23.9,249,0.0,0.0
KXHIGHCHI,2022-06-17,82.9,65.8,56.0,985.4,8,14.1,344,0.0,0.0
KXHIGHCHI,2022-06-18,66.2,56.3,47.5,992.2,30,14.8,24,0.0,0.0
KXHIGHCHI,2022-06-19,85.6,55.3,46.0,991.7,45,13.9,176,0.0,0.0
KXHIGHCHI,2022-06-20,95.0,65.2,52.6,988.3,30,15.7,221,0.0,0.0
KXHIGHCHI,2022-06-21,99.3,72.2,63.0,986.4,7,18.7,236,0.0,0.0
KXHIGHCHI,2022-06-22,85.6,72.5,61.4,986.2,29,12.9,353,0.0,0.0
KXHIGHCHI,2022-06-23,78.8,65.3,56.0,986.5,13,11.7,61,0.0,0.0
KXHIGHCHI,2022-06-24,87.9,64.0,53.7,985.8,19,12.0,121,0.0,0.0
KXHIGHCHI,2022-06-25,79.0,68.3,62.4,984.7,86,16.0,174,0.724,0.0
KXHIGHCHI,2022-06-26,80.7,66.5,61.2,985.9,69,17.6,296,0.016,0.0
KXHIGHCHI,2022-06-27,72.3,59.8,51.7,991.5,1,13.0,8,0.0,0.0
KXHIGHCHI,2022-06-28,83.7,57.5,51.5,991.0,30,14.0,213,0.0,0.0
KXHIGHCHI,2022-06-29,81.5,66.4,59.6,989.8,20,12.6,167,0.094,0.0
KXHIGHCHI,2022-06-30,93.1,71.1,57.6,986.2,27,18.1,212,0.0,0.0
KXHIGHCHI,2022-07-01,81.2,67.2,60.1,983.5,74,15.4,234,0.012,0.0
KXHIGHCHI,2022-07-02,79.1,63.9,54.5,986.2,47,9.4,102,0.0,0.0
KXHIGHCHI,2022-07-03,81.6,63.6,58.8,988.8,8,9.4,98,0.0,0.0
KXHIGHCHI,2022-07-04,91.3,67.4,63.5,986.0,69,15.8,184,0.008,0.0
KXHIGHCHI,2022-07-05,85.1,69.8,74.4,981.0,95,15.2,232,0.657,0.0
KXHIGHCHI,2022-07-06,71.9,64.7,66.7,983.5,93,15.9,14,1.295,0.0
KXHIGHCHI,2022-07-07,80.2,64.8,68.8,985.3,96,11.4,48,0.0,0.0
KXHIGHCHI,2022-07-08,73.4,67.4,69.2,985.5,96,16.1,41,0.626,0.0
KXHIGHCHI,2022-07-09,71.5,64.8,60.8,989.8,8,17.2,37,0.0,0.0
KXHIGHCHI,2022-07-10,82.0,61.0,60.0,987.2,18,11.5,112,0.0,0.0
KXHIGHCHI,2022-07-11,86.2,68.4,65.0,978.7,56,18.2,234,0.0,0.0
KXHIGHCHI,2022-07-12,86.3,68.3,59.1,980.2,12,14.4,300,0.0,0.0
KXHIGHCHI,2022-07-13,77.7,65.9,61.8,984.6,20,14.6,351,0.016,0.0
KXHIGHCHI,2022-07-14,73.9,61.8,61.6,989.4,3,14.1,19,0.0,0.0
KXHIGHCHI,2022-07-15,76.3,65.0,66.1,988.2,88,13.9,182,0.941,0.0
KXHIGHCHI,2022-07-16,72.9,66.7,67.0,984.4,99,16.0,36,0.106,0.0
KXHIGHCHI,2022-07-17,74.0,67.6,68.2,980.9,91,13.5,27,0.102,0.0
KXHIGHCHI,2022-07-18,84.1,65.7,65.5,981.4,8,8.5,352,0.0,0.0
KXHIGHCHI,2022-07-19,86.4,68.0,67.6,979.7,25,17.8,215,0.0,0.0
KXHIGHCHI,2022-07-20,88.3,75.0,67.4,973.4,33,22.4,245,0.028,0.0
KXHIGHCHI,2022-07-21,86.8,68.3,65.4,977.6,14,18.6,263,0.118,0.0
KXHIGHCHI,2022-07-22,88.2,68.4,63.2,982.8,46,14.7,234,0.0,0.0
KXHIGHCHI,2022-07-23,86.4,69.3,70.1,982.8,65,20.0,195,0.476,0.0
KXHIGHCHI,2022-07-24,86.4,73.7,71.1,980.3,75,20.3,237,0.409,0.0
KXHIGHCHI,2022-07-25,72.8,66.7,62.0,985.9,81,10.3,47,0.008,0.0
KXHIGHCHI,2022-07-26,76.9,62.2,61.1,984.6,69,11.8,127,0.0,0.0
KXHIGHCHI,2022-07-27,83.8,68.4,67.5,980.7,71,14.3,247,0.043,0.0
KXHIGHCHI,2022-07-28,81.4,66.2,59.8,981.6,61,12.2,266,0.024,0.0
KXHIGHCHI,2022-07-29,79.4,61.1,56.8,985.7,18,11.8,299,0.008,0.0
KXHIGHCHI,2022-07-30,78.6,62.1,62.6,990.0,38,9.1,135,0.0,0.0
KXHIGHCHI,2022-07-31,83.5,63.6,62.4,986.7,58,13.5,201,0.0,0.0
KXHIGHCHI,2022-08-01,87.3,70.6,66.3,980.3,40,18.6,257,0.091,0.0
KXHIGHCHI,2022-08-02,87.3,65.5,66.4,982.8,35,15.1,190,0.0,0.0
KXHIGHCHI,2022-08-03,85.6,74.2,71.5,979.6,81,19.8,207,0.26,0.0
KXHIGHCHI,2022-08-04,79.0,69.4,70.2,984.3,73,14.6,340,0.091,0.0
KXHIGHCHI,2022-08-05,81.0,68.0,70.5,987.3,23,12.1,71,0.0,0.0
KXHIGHCHI,2022-08-06,90.2,71.7,73.3,987.0,35,12.6,187,0.15,0.0
KXHIGHCHI,2022-08-07,83.9,74.5,74.1,986.2,99,13.0,215,1.835,0.0
KXHIGHCHI,2022-08-08,82.0,66.7,70.1,983.4,100,18.8,271,0.642,0.0
KXHIGHCHI,2022-08-09,70.4,63.8,60.5,988.1,12,13.6,22,0.008,0.0
KXHIGHCHI,2022-08-10,79.0,58.6,63.3,989.3,28,8.7,146,0.0,0.0
KXHIGHCHI,2022-08-11,74.6,64.8,61.5,990.0,23,15.4,16,0.004,0.0
KXHIGHCHI,2022-08-12,75.1,63.2,58.7,991.5,79,11.4,86,0.0,0.0
KXHIGHCHI,2022-08-13,78.0,61.9,59.1,986.7,79,18.9,173,0.071,0.0
KXHIGHCHI,2022-08-14,73.5,66.3,65.6,982.4,86,16.8,32,0.043,0.0
KXHIGHCHI,2022-08-15,73.4,66.0,63.9,986.3,76,14.0,27,0.031,0.0
KXHIGHCHI,2022-08-16,74.3,66.2,62.3,988.2,29,13.8,27,0.0,0.0
KXHIGHCHI,2022-08-17,76.1,62.8,64.2,988.4,35,11.1,16,0.004,0.0
KXHIGHCHI,2022-08-18,80.4,60.8,60.3,985.5,42,7.2,199,0.012,0.0
KXHIGHCHI,2022-08-19,85.6,65.8,60.3,983.3,53,13.5,192,0.0,0.0
KXHIGHCHI,2022-08-20,78.7,67.0,65.1,983.4,88,13.6,187,0.768,0.0
KXHIGHCHI,2022-08-21,72.2,65.4,66.0,984.0,47,14.4,9,0.598,0.0
KXHIGHCHI,2022-08-22,74.8,63.4,64.1,985.9,5,9.2,12,0.004,0.0
KXHIGHCHI,2022-08-23,78.8,62.3,62.4,985.0,20,8.3,212,0.0,0.0
KXHIGHCHI,2022-08-24,80.0,63.3,63.8,986.5,16,10.7,117,0.0,0.0
KXHIGHCHI,2022-08-25,82.6,64.5,65.0,984.6,77,14.1,229,0.354,0.0
KXHIGHCHI,2022-08-26,71.2,63.6,64.1,986.8,23,14.0,18,0.0,0.0
KXHIGHCHI,2022-08-27,76.6,61.1,63.9,986.1,58,11.6,110,0.0,0.0
KXHIGHCHI,2022-08-28,87.8,68.4,66.9,981.2,96,17.5,172,0.701,0.0
KXHIGHCHI,2022-08-29,90.1,72.7,70.1,979.6,81,17.9,227,0.012,0.0
KXHIGHCHI,2022-08-30,80.4,65.8,58.7,982.8,12,15.1,284,0.0,0.0
KXHIGHCHI,2022-08-31,84.8,61.6,57.8,985.3,12,13.6,280,0.0,0.0
KXHIGHCHI,2022-09-01,87.3,66.9,62.9,985.8,44,10.5,237,0.0,0.0
KXHIGHCHI,2022-09-02,86.1,69.5,63.2,986.3,90,14.5,193,0.0,0.0
KXHIGHCHI,2022-09-03,80.1,67.1,65.9,988.0,71,16.6,354,0.02,0.0
KXHIGHCHI,2022-09-04,72.0,66.6,65.9,987.9,100,17.3,31,0.15,0.0
KXHIGHCHI,2022-09-05,70.5,64.7,63.0,987.5,84,14.6,37,0.012,0.0
KXHIGHCHI,2022-09-06,75.2,66.7,66.2,988.7,62,10.4,36,0.043,0.0
KXHIGHCHI,2022-09-07,74.8,66.0,63.5,989.1,27,10.9,22,0.039,0.0
KXHIGHCHI,2022-09-08,81.1,60.0,60.7,984.5,23,9.0,161,0.0,0.0
KXHIGHCHI,2022-09-09,82.8,60.7,56.5,982.8,0,12.8,180,0.0,0.0
KXHIGHCHI,2022-09-10,82.4,61.4,61.2,985.3,24,7.9,151,0.0,0.0
KXHIGHCHI,2022-09-11,70.4,58.5,63.2,981.3,79,33.5,285,1.874,0.0
KXHIGHCHI,2022-09-12,62.7,54.7,52.4,977.5,73,17.9,271,0.051,0.0
KXHIGHCHI,2022-09-13,73.1,57.2,60.1,981.0,45,12.7,317,0.02,0.0
KXHIGHCHI,2022-09-14,72.9,56.5,59.6,988.5,18,12.0,24,0.0,0.0
KXHIGHCHI,2022-09-15,81.2,59.6,62.2,991.0,56,9.8,175,0.0,0.0
KXHIGHCHI,2022-09-16,82.8,63.6,61.5,988.6,74,13.1,194,0.0,0.0
KXHIGHCHI,2022-09-17,86.4,67.4,61.8,985.8,66,19.4,204,0.016,0.0
KXHIGHCHI,2022-09-18,85.3,69.3,63.5,982.9,58,14.9,221,0.205,0.0
KXHIGHCHI,2022-09-19,70.8,62.5,63.6,984.2,18,13.9,18,0.012,0.0
KXHIGHCHI,2022-09-20,87.6,61.3,64.7,983.0,39,15.8,183,0.362,0.0
KXHIGHCHI,2022-09-21,82.8,64.4,63.2,980.4,53,24.4,291,0.0,0.0
KXHIGHCHI,2022-09-22,62.8,55.5,45.4,989.3,40,18.1,352,0.0,0.0
KXHIGHCHI,2022-09-23,63.2,52.7,44.5,990.7,78,11.9,134,0.0,0.0
KXHIGHCHI,2022-09-24,72.7,55.3,51.4,981.4,92,14.7,223,0.228,0.0
KXHIGHCHI,2022-09-25,67.5,57.1,54.1,976.5,63,17.3,289,0.217,0.0
KXHIGHCHI,2022-09-26,61.7,51.5,44.6,980.1,16,18.7,298,0.004,0.0
KXHIGHCHI,2022-09-27,57.5,46.5,39.5,987.4,50,16.9,320,0.02,0.0
KXHIGHCHI,2022-09-28,56.1,50.2,44.1,998.2,52,15.8,1,0.004,0.0
KXHIGHCHI,2022-09-29,58.6,47.2,45.3,999.2,39,9.4,96,0.0,0.0
KXHIGHCHI,2022-09-30,61.0,46.9,48.0,993.6,2,10.7,93,0.0,0.0
KXHIGHCHI,2022-10-01,64.2,54.2,50.8,991.1,5,15.3,33,0.0,0.0
KXHIGHCHI,2022-10-02,61.3,56.3,52.7,995.1,24,15.8,37,0.0,0.0
KXHIGHCHI,2022-10-03,61.0,46.8,46.5,995.8,1,12.0,92,0.0,0.0
KXHIGHCHI,2022-10-04,70.7,44.3,45.6,991.6,14,7.5,196,0.0,0.0
KXHIGHCHI,2022-10-05,74.8,48.5,40.9,987.6,80,10.1,226,0.0,0.0
KXHIGHCHI,2022-10-06,74.8,54.2,47.8,986.1,83,24.3,308,0.083,0.0
KXHIGHCHI,2022-10-07,53.4,45.6,39.1,995.7,64,23.1,8,0.114,0.0
KXHIGHCHI,2022-10-08,56.9,37.5,32.8,994.7,16,16.9,257,0.0,0.0
KXHIGHCHI,2022-10-09,67.0,43.9,36.1,988.6,24,13.4,239,0.004,0.0
KXHIGHCHI,2022-10-10,67.2,45.7,47.6,989.0,16,10.0,114,0.0,0.0
KXHIGHCHI,2022-10-11,71.9,52.0,51.4,985.9,65,23.6,189,0.469,0.0
KXHIGHCHI,2022-10-12,69.4,51.3,51.8,975.7,78,26.4,214,0.252,0.0
KXHIGHCHI,2022-10-13,53.9,39.2,32.0,974.6,29,26.3,258,0.02,0.0
KXHIGHCHI,2022-10-14,58.9,37.0,30.7,973.7,84,24.1,229,0.154,0.0
KXHIGHCHI,2022-10-15,52.5,36.5,34.9,980.4,30,17.0,243,0.0,0.0
KXHIGHCHI,2022-10-16,54.8,42.0,35.6,981.9,60,18.3,284,0.0,0.0
KXHIGHCHI,2022-10-17,43.1,35.7,29.4,980.2,66,24.4,304,0.039,0.028
KXHIGHCHI,2022-10-18,45.7,34.1,26.7,983.9,82,22.6,320,0.008,0.055
KXHIGHCHI,2022-10-19,46.7,33.6,26.0,983.4,13,19.0,286,0.0,0.0
KXHIGHCHI,2022-10-20,58.3,33.5,25.8,977.6,54,13.1,229,0.0,0.0
KXHIGHCHI,2022-10-21,71.5,43.9,39.6,976.1,45,20.3,203,0.0,0.0
KXHIGHCHI,2022-10-22,76.0,55.9,48.5,978.7,11,18.9,187,0.0,0.0
KXHIGHCHI,2022-10-23,75.1,59.4,51.6,981.8,25,20.9,174,0.0,0.0
KXHIGHCHI,2022-10-24,72.9,61.4,51.2,980.6,92,20.9,174,0.091,0.0
KXHIGHCHI,2022-10-25,68.1,50.4,51.6,974.6,95,20.8,180,1.201,0.0
KXHIGHCHI,2022-10-26,53.8,43.2,39.6,981.9,39,21.3,328,0.484,0.0
KXHIGHCHI,2022-10-27,49.6,38.4,39.2,994.5,80,12.5,109,0.0,0.0
KXHIGHCHI,2022-10-28,53.0,43.6,41.0,997.0,31,11.8,102,0.0,0.0
KXHIGHCHI,2022-10-29,56.7,41.8,44.2,994.1,11,7.8,118,0.0,0.0
KXHIGHCHI,2022-10-30,56.2,43.6,46.3,984.6,100,9.1,100,0.276,0.0
KXHIGHCHI,2022-10-31,56.5,49.6,52.9,979.3,83,7.7,349,0.228,0.0
KXHIGHCHI,2022-11-01,65.5,44.3,45.0,987.7,0,9.5,233,0.0,0.0
KXHIGHCHI,2022-11-02,67.7,45.1,48.5,991.8,2,13.0,179,0.0,0.0
KXHIGHCHI,2022-11-03,69.5,52.2,50.4,988.0,56,19.3,184,0.0,0.0
KXHIGHCHI,2022-11-04,68.5,60.7,54.4,980.3,100,24.6,188,0.071,0.0
KXHIGHCHI,2022-11-05,67.1,45.0,48.8,970.8,77,33.9,198,0.555,0.0
KXHIGHCHI,2022-11-06,60.3,44.4,40.9,981.9,40,21.2,217,0.0,0.0
KXHIGHCHI,2022-11-07,50.3,38.8,30.4,999.3,24,12.3,341,0.0,0.0
KXHIGHCHI,2022-11-08,51.7,43.3,39.0,1002.8,58,16.5,98,0.0,0.0
KXHIGHCHI,2022-11-09,67.2,46.0,42.2,992.3,46,16.2,177,0.016,0.0
KXHIGHCHI,2022-11-10,70.9,58.9,48.6,983.4,31,17.8,191,0.0,0.0
KXHIGHCHI,2022-11-11,58.8,32.6,35.3,979.6,51,14.8,292,0.0,0.0
KXHIGHCHI,2022-11-12,37.8,31.9,23.3,984.5,98,15.0,302,0.0,0.0
KXHIGHCHI,2022-11-13,37.0,28.1,21.3,992.6,40,13.3,302,0.0,0.0
KXHIGHCHI,2022-11-14,39.9,26.0,24.5,994.8,94,14.4,159,0.0,0.0
KXHIGHCHI,2022-11-15,37.0,34.1,30.2,990.3,100,16.7,128,0.236,0.992
KXHIGHCHI,2022-11-16,35.6,28.9,30.3,987.2,92,15.0,274,0.114,0.634
KXHIGHCHI,2022-11-17,35.7,28.1,22.5,987.6,66,23.8,250,0.008,0.055
KXHIGHCHI,2022-11-18,28.1,21.0,15.2,988.4,82,20.1,261,0.008,0.055
KXHIGHCHI,2022-11-19,29.9,19.4,6.8,986.1,69,24.0,254,0.0,0.0
KXHIGHCHI,2022-11-20,32.6,14.4,5.7,993.4,17,20.2,235,0.0,0.0
KXHIGHCHI,2022-11-21,45.3,29.2,18.0,988.8,38,19.9,236,0.0,0.0
KXHIGHCHI,2022-11-22,48.5,27.0,25.8,990.4,29,10.4,235,0.0,0.0
KXHIGHCHI,2022-11-23,53.8,30.3,35.6,988.8,23,12.2,209,0.0,0.0
KXHIGHCHI,2022-11-24,51.8,36.6,36.8,987.6,81,12.0,210,0.0,0.0
KXHIGHCHI,2022-11-25,50.0,32.1,32.7,989.7,6,12.7,276,0.0,0.0
KXHIGHCHI,2022-11-26,52.7,33.7,30.7,984.0,33,15.7,214,0.0,0.0
KXHIGHCHI,2022-11-27,44.6,38.6,37.9,971.3,100,22.4,3,0.287,0.0
KXHIGHCHI,2022-11-28,46.4,28.4,31.9,981.1,75,13.2,207,0.0,0.0
KXHIGHCHI,2022-11-29,56.9,37.7,42.3,974.1,89,22.9,181,0.224,0.0
KXHIGHCHI,2022-11-30,39.3,21.8,15.2,983.2,36,26.7,270,0.0,0.0
KXHIGHCHI,2022-12-01,35.2,18.6,12.1,996.3,40,15.9,218,0.0,0.0
KXHIGHCHI,2022-12-02,50.1,33.3,27.2,981.3,93,23.3,195,0.0,0.0
KXHIGHCHI,2022-12-03,49.0,22.4,19.5,990.8,26,25.6,269,0.012,0.0
KXHIGHCHI,2022-12-04,38.1,20.7,11.8,990.2,1,15.4,228,0.0,0.0
KXHIGHCHI,2022-12-05,43.1,28.9,24.7,980.9,94,14.5,204,0.004,0.0
KXHIGHCHI,2022-12-06,43.8,35.4,37.1,984.2,91,10.1,28,0.0,0.0
KXHIGHCHI,2022-12-07,45.7,33.9,36.4,991.7,81,8.0,337,0.0,0.0
KXHIGHCHI,2022-12-08,41.4,35.5,31.8,995.9,77,12.8,51,0.0,0.0
KXHIGHCHI,2022-12-09,37.5,34.6,33.5,990.8,81,18.8,95,0.476,0.717
KXHIGHCHI,2022-12-10,39.3,36.1,34.8,990.3,100,11.5,126,0.0,0.0
KXHIGHCHI,2022-12-11,39.7,35.6,33.4,990.9,96,9.4,319,0.004,0.0
KXHIGHCHI,2022-12-12,41.1,36.6,32.7,993.5,94,12.3,91,0.012,0.0
KXHIGHCHI,2022-12-13,38.5,32.5,29.0,990.1,100,18.3,117,0.094,0.0
KXHIGHCHI,2022-12-14,45.0,36.1,36.3,977.8,100,22.2,117,0.811,0.0
KXHIGHCHI,2022-12-15,40.5,31.0,30.7,969.6,96,19.3,218,0.602,0.22
KXHIGHCHI,2022-12-16,32.5,26.7,21.1,973.1,92,20.1,225,0.02,0.138
KXHIGHCHI,2022-12-17,27.8,21.8,15.8,976.3,95,19.8,247,0.0,0.0
KXHIGHCHI,2022-12-18,24.1,14.5,9.6,987.5,48,15.9,260,0.0,0.0
KXHIGHCHI,2022-12-19,25.7,10.7,7.0,997.3,71,9.9,249,0.0,0.0
KXHIGHCHI,2022-12-20,35.9,24.0,17.1,998.3,72,10.3,255,0.0,0.0
KXHIGHCHI,2022-12-21,31.5,18.0,18.8,995.9,98,11.2,57,0.0,0.0
KXHIGHCHI,2022-12-22,34.2,-0.8,14.5,980.1,100,22.7,271,0.213,1.488
KXHIGHCHI,2022-12-23,-0.8,-9.8,-17.4,978.4,98,30.0,269,0.02,0.138
KXHIGHCHI,2022-12-24,15.0,-1.5,-6.5,981.0,35,26.9,268,0.0,0.0
KXHIGHCHI,2022-12-25,14.7,3.0,-4.1,985.5,41,17.1,266,0.0,0.0
KXHIGHCHI,2022-12-26,22.9,11.9,7.4,988.8,89,10.9,272,0.043,0.303
KXHIGHCHI,2022-12-27,27.3,9.7,7.8,987.9,65,19.6,206,0.0,0.0
KXHIGHCHI,2022-12-28,44.7,24.3,24.3,978.1,96,26.5,196,0.0,0.0
KXHIGHCHI,2022-12-29,56.5,42.4,45.5,978.6,87,22.1,198,0.0,0.0
KXHIGHCHI,2022-12-30,53.4,30.1,40.2,982.8,100,21.5,239,0.012,0.0
KXHIGHCHI,2022-12-31,36.0,27.0,28.2,981.6,98,10.7,324,0.012,0.055
KXHIGHCHI,2023-01-01,47.3,34.2,37.3,981.6,87,10.6,225,0.13,0.0
KXHIGHCHI,2023-01-02,40.2,31.2,34.8,985.1,95,11.2,33,0.012,0.0
KXHIGHCHI,2023-01-03,54.9,39.1,44.7,972.8,97,14.7,98,0.516,0.0
KXHIGHCHI,2023-01-04,47.8,32.3,33.0,974.7,89,14.3,232,0.0,0.0
KXHIGHCHI,2023-01-05,33.6,31.3,27.9,979.8,99,13.2,239,0.051,0.358
KXHIGHCHI,2023-01-06,33.6,25.2,25.2,988.1,93,11.6,263,0.0,0.0
KXHIGHCHI,2023-01-07,33.3,26.1,24.7,995.4,84,9.5,360,0.0,0.0
KXHIGHCHI,2023-01-08,34.6,26.4,26.0,992.1,86,8.1,257,0.0,0.0
KXHIGHCHI,2023-01-09,42.3,23.2,25.9,987.2,62,12.5,218,0.0,0.0
KXHIGHCHI,2023-01-10,46.4,33.2,34.1,980.2,69,12.5,191,0.016,0.0
KXHIGHCHI,2023-01-11,51.1,33.3,38.8,977.9,92,13.0,177,0.0,0.0
KXHIGHCHI,2023-01-12,44.0,35.2,33.9,981.9,100,23.5,351,0.004,0.0
KXHIGHCHI,2023-01-13,34.4,27.4,23.6,990.7,100,22.2,348,0.031,0.193
KXHIGHCHI,2023-01-14,32.5,21.8,18.9,992.4,63,10.3,236,0.0,0.0
KXHIGHCHI,2023-01-15,41.2,25.2,23.4,986.8,79,19.0,166,0.0,0.0
KXHIGHCHI,2023-01-16,47.6,36.2,34.1,974.3,99,17.6,171,0.346,0.0
KXHIGHCHI,2023-01-17,47.6,36.9,35.9,971.1,99,21.2,253,0.0,0.0
KXHIGHCHI,2023-01-18,38.2,31.9,31.7,981.9,99,21.9,35,0.331,0.413
KXHIGHCHI,2023-01-19,41.5,34.3,35.9,969.4,100,23.7,223,0.378,0.165
KXHIGHCHI,2023-01-20,34.5,27.1,26.3,984.8,89,16.6,287,0.008,0.0
KXHIGHCHI,2023-01-21,36.5,27.0,23.9,989.3,99,10.0,232,0.0,0.0
KXHIGHCHI,2023-01-22,33.3,29.6,27.7,981.1,100,11.9,351,0.098,0.689
KXHIGHCHI,2023-01-23,31.5,21.6,20.4,985.7,78,17.8,260,0.004,0.028
KXHIGHCHI,2023-01-24,35.0,25.9,25.9,989.2,81,15.5,232,0.0,0.0
KXHIGHCHI,2023-01-25,33.5,30.0,30.3,977.5,100,13.3,18,0.362,2.425
KXHIGHCHI,2023-01-26,30.8,18.4,23.0,980.7,100,16.3,259,0.071,0.524
KXHIGHCHI,2023-01-27,37.1,11.9,18.0,979.1,67,24.6,221,0.012,0.083
KXHIGHCHI,2023-01-28,30.6,15.5,17.6,987.9,97,15.0,35,0.075,0.524
KXHIGHCHI,2023-01-29,30.9,19.9,23.5,989.5,100,18.4,355,0.067,0.496
KXHIGHCHI,2023-01-30,18.2,2.1,2.6,995.9,59,14.6,316,0.043,0.303
KXHIGHCHI,2023-01-31,13.5,-3.0,-7.1,996.8,16,10.7,278,0.0,0.0
KXHIGHCHI,2023-02-01,26.9,0.8,1.6,993.7,17,14.7,226,0.0,0.0
KXHIGHCHI,2023-02-02,31.6,14.5,12.5,988.7,6,16.8,262,0.0,0.0
KXHIGHCHI,2023-02-03,13.4,-0.2,-8.8,1000.9,21,19.0,312,0.0,0.0
KXHIGHCHI,2023-02-04,41.7,13.5,9.2,988.5,65,20.7,200,0.0,0.0
KXHIGHCHI,2023-02-05,42.3,26.9,27.9,981.7,42,20.2,247,0.0,0.0
KXHIGHCHI,2023-02-06,41.4,21.7,26.3,987.5,45,22.3,156,0.0,0.0
KXHIGHCHI,2023-02-07,49.4,29.8,34.3,982.6,43,25.0,238,0.0,0.0
KXHIGHCHI,2023-02-08,41.8,24.1,26.8,990.7,74,8.7,175,0.0,0.0
KXHIGHCHI,2023-02-09,48.7,35.1,36.1,974.8,100,19.2,321,0.756,0.0
KXHIGHCHI,2023-02-10,37.5,24.5,24.5,991.9,34,14.5,291,0.004,0.0
KXHIGHCHI,2023-02-11,44.5,20.9,19.9,994.3,0,13.8,225,0.0,0.0
KXHIGHCHI,2023-02-12,50.0,26.9,25.6,983.8,18,14.0,227,0.0,0.0
KXHIGHCHI,2023-02-13,49.6,33.4,28.2,978.3,25,14.0,262,0.0,0.0
KXHIGHCHI,2023-02-14,52.7,31.8,33.7,974.8,72,28.4,171,0.098,0.0
KXHIGHCHI,2023-02-15,49.5,33.7,36.7,974.4,71,30.0,236,0.106,0.0
KXHIGHCHI,2023-02-16,35.4,26.7,29.2,981.5,99,27.8,23,0.512,2.728
KXHIGHCHI,2023-02-17,25.4,18.0,14.0,990.9,38,24.1,311,0.031,0.193
KXHIGHCHI,2023-02-18,45.3,21.1,21.5,989.9,61,17.3,215,0.0,0.0
KXHIGHCHI,2023-02-19,50.7,37.0,30.0,979.4,54,19.2,225,0.0,0.0
KXHIGHCHI,2023-02-20,38.8,28.6,29.9,976.1,52,14.0,19,0.0,0.0
KXHIGHCHI,2023-02-21,37.9,25.2,21.5,975.6,73,20.3,275,0.0,0.0
KXHIGHCHI,2023-02-22,35.4,32.0,29.3,973.4,100,22.5,67,1.22,0.0
KXHIGHCHI,2023-02-23,45.2,25.2,29.4,980.4,55,23.4,260,0.004,0.0
KXHIGHCHI,2023-02-24,26.5,21.7,15.3,1002.2,74,14.3,3,0.055,0.386
KXHIGHCHI,2023-02-25,39.1,27.2,24.6,991.3,57,14.3,223,0.012,0.083
KXHIGHCHI,2023-02-26,44.2,27.3,27.5,983.3,9,15.7,184,0.0,0.0
KXHIGHCHI,2023-02-27,58.5,35.7,40.1,963.6,93,23.7,180,0.752,0.0
KXHIGHCHI,2023-02-28,46.1,31.7,32.7,977.7,59,15.6,344,0.0,0.0
KXHIGHCHI,2023-03-01,57.4,34.5,37.5,975.9,45,13.4,198,0.165,0.0
KXHIGHCHI,2023-03-02,39.7,32.1,29.6,982.0,83,13.7,9,0.0,0.0
KXHIGHCHI,2023-03-03,36.8,32.1,31.6,972.8,97,22.8,38,0.256,1.461
KXHIGHCHI,2023-03-04,47.8,27.9,32.5,981.1,47,12.5,254,0.031,0.0
KXHIGHCHI,2023-03-05,41.2,27.4,32.4,990.0,56,18.5,75,0.012,0.0
KXHIGHCHI,2023-03-06,55.1,36.9,38.5,982.1,91,19.0,111,0.378,0.606
KXHIGHCHI,2023-03-07,39.6,34.8,29.9,996.3,75,18.9,25,0.0,0.0
KXHIGHCHI,2023-03-08,40.3,33.2,26.2,1000.3,95,14.7,80,0.0,0.0
KXHIGHCHI,2023-03-09,37.6,34.2,29.1,993.1,100,16.7,76,0.264,1.213
KXHIGHCHI,2023-03-10,35.0,32.9,31.1,984.8,100,17.2,19,0.26,1.571
KXHIGHCHI,2023-03-11,38.2,33.4,30.5,985.9,98,14.1,52,0.075,0.441
KXHIGHCHI,2023-03-12,38.0,29.3,30.3,981.3,96,13.5,171,0.15,0.744
KXHIGHCHI,2023-03-13,33.3,26.4,22.2,986.0,79,26.9,319,0.047,0.358
KXHIGHCHI,2023-03-14,32.1,19.8,18.6,994.7,1,11.9,344,0.0,0.0
KXHIGHCHI,2023-03-15,48.9,22.4,24.4,990.6,50,17.0,190,0.0,0.0
KXHIGHCHI,2023-03-16,50.2,37.1,33.9,976.4,100,18.2,193,0.102,0.0
KXHIGHCHI,2023-03-17,49.6,24.3,25.9,973.7,51,22.4,273,0.126,0.0
KXHIGHCHI,2023-03-18,26.8,13.0,2.8,984.7,47,22.0,282,0.0,0.0
KXHIGHCHI,2023-03-19,40.4,18.8,8.7,991.5,0,16.7,252,0.0,0.0
KXHIGHCHI,2023-03-20,49.8,28.0,17.6,987.5,83,22.2,214,0.0,0.0
KXHIGHCHI,2023-03-21,49.9,33.5,28.5,988.9,87,17.0,193,0.0,0.0
KXHIGHCHI,2023-03-22,55.8,38.4,41.0,983.7,98,15.1,182,0.098,0.0
KXHIGHCHI,2023-03-23,42.7,35.1,34.5,983.2,100,22.4,23,0.106,0.0
KXHIGHCHI,2023-03-24,40.3,34.0,31.4,983.0,100,16.7,50,0.067,0.0
KXHIGHCHI,2023-03-25,42.0,33.4,30.3,970.7,80,24.5,317,0.693,0.413
KXHIGHCHI,2023-03-26,42.3,29.6,31.2,982.0,63,15.6,3,0.012,0.028
KXHIGHCHI,2023-03-27,39.9,30.2,29.8,988.4,25,17.8,5,0.0,0.0
KXHIGHCHI,2023-03-28,48.2,27.0,27.6,992.2,56,11.7,267,0.024,0.0
KXHIGHCHI,2023-03-29,40.4,27.5,22.5,991.6,56,15.2,308,0.008,0.028
KXHIGHCHI,2023-03-30,49.3,27.2,27.6,990.3,86,21.9,129,0.0,0.0
KXHIGHCHI,2023-03-31,68.7,49.3,49.4,970.7,88,27.3,201,0.465,0.0
KXHIGHCHI,2023-04-01,53.1,32.8,30.7,973.5,63,23.7,291,0.051,0.0
KXHIGHCHI,2023-04-02,52.4,28.0,33.1,983.3,36,18.6,173,0.0,0.0
KXHIGHCHI,2023-04-03,54.3,40.3,38.7,977.7,70,16.4,86,0.35,0.0
KXHIGHCHI,2023-04-04,69.5,41.2,48.6,975.6,95,28.1,108,0.445,0.0
KXHIGHCHI,2023-04-05,71.9,39.1,51.4,975.0,77,27.2,226,0.709,0.0
KXHIGHCHI,2023-04-06,51.6,32.5,25.9,994.6,55,14.1,263,0.0,0.0
KXHIGHCHI,2023-04-07,42.8,35.4,30.3,1000.9,1,11.4,49,0.0,0.0
KXHIGHCHI,2023-04-08,55.0,35.8,36.3,997.1,9,10.4,138,0.0,0.0
KXHIGHCHI,2023-04-09,63.8,38.2,36.0,997.6,41,10.7,164,0.0,0.0
KXHIGHCHI,2023-04-10,67.6,42.5,38.9,995.3,57,12.2,187,0.0,0.0
KXHIGHCHI,2023-04-11,73.7,47.4,45.6,990.3,79,17.1,231,0.0,0.0
KXHIGHCHI,2023-04-12,76.5,54.5,48.5,983.5,9,21.7,226,0.0,0.0
KXHIGHCHI,2023-04-13,78.3,51.1,46.5,980.3,20,14.4,207,0.0,0.0
KXHIGHCHI,2023-04-14,76.5,50.8,45.1,978.1,38,11.5,145,0.008,0.0
KXHIGHCHI,2023-04-15,80.1,61.3,52.0,977.0,87,16.5,188,0.024,0.0
KXHIGHCHI,2023-04-16,60.9,35.9,43.0,971.7,100,27.5,234,0.276,0.028
KXHIGHCHI,2023-04-17,41.8,32.1,26.0,972.7,88,25.7,280,0.114,0.772
KXHIGHCHI,2023-04-18,55.3,30.7,30.9,981.6,12,14.1,280,0.0,0.0
KXHIGHCHI,2023-04-19,67.6,41.3,40.7,982.3,89,15.9,103,0.039,0.0
KXHIGHCHI,2023-04-20,78.3,53.4,53.7,978.5,99,25.5,193,0.197,0.0
KXHIGHCHI,2023-04-21,60.7,42.4,36.3,981.3,94,17.9,249,0.0,0.0
KXHIGHCHI,2023-04-22,45.9,37.0,29.8,979.7,64,18.9,265,0.075,0.055
KXHIGHCHI,2023-04-23,43.1,34.8,29.7,986.0,88,12.9,278,0.114,0.028
KXHIGHCHI,2023-04-24,49.6,33.1,28.7,989.6,71,13.2,223,0.008,0.0
KXHIGHCHI,2023-04-25,43.7,37.2,35.0,989.9,51,16.1,32,0.157,0.028
KXHIGHCHI,2023-04-26,44.0,37.0,32.8,992.7,2,12.2,50,0.0,0.0
KXHIGHCHI,2023-04-27,60.3,34.2,35.8,984.9,39,12.2,117,0.0,0.0
KXHIGHCHI,2023-04-28,50.5,41.8,38.7,979.0,83,11.4,37,0.0,0.0
KXHIGHCHI,2023-04-29,58.5,37.2,40.5,973.0,82,17.0,274,0.118,0.0
KXHIGHCHI,2023-04-30,47.9,38.0,35.5,966.5,66,21.1,276,0.122,0.0
KXHIGHCHI,2023-05-01,46.6,39.3,36.3,966.1,100,24.7,301,0.232,0.0
KXHIGHCHI,2023-05-02,52.7,39.7,33.8,971.6,93,20.5,320,0.016,0.0
KXHIGHCHI,2023-05-03,46.5,37.4,36.0,981.2,50,18.5,9,0.0,0.0
KXHIGHCHI,2023-05-04,64.1,36.9,40.8,983.5,11,15.3,154,0.0,0.0
KXHIGHCHI,2023-05-05,74.9,50.1,42.2,985.4,68,17.1,163,0.0,0.0
KXHIGHCHI,2023-05-06,76.4,54.0,51.4,985.6,94,17.2,153,0.024,0.0
KXHIGHCHI,2023-05-07,76.3,47.3,60.1,981.1,93,18.2,185,0.067,0.0
KXHIGHCHI,2023-05-08,58.8,45.0,48.1,982.6,93,15.7,22,0.425,0.0
KXHIGHCHI,2023-05-09,55.5,45.2,47.3,988.8,53,11.0,29,0.0,0.0
KXHIGHCHI,2023-05-10,65.5,44.1,49.7,989.8,55,9.3,81,0.0,0.0
KXHIGHCHI,2023-05-11,74.1,52.9,50.8,987.0,83,10.7,115,0.0,0.0
KXHIGHCHI,2023-05-12,67.3,56.7,57.7,985.3,100,10.2,106,0.748,0.0
KXHIGHCHI,2023-05-13,59.5,52.8,52.8,988.3,99,12.0,25,0.039,0.0
KXHIGHCHI,2023-05-14,56.7,49.9,47.2,994.5,100,16.2,50,0.0,0.0
KXHIGHCHI,2023-05-15,55.8,47.5,44.4,993.8,100,12.2,36,0.0,0.0
KXHIGHCHI,2023-05-16,77.3,46.9,46.1,981.7,79,16.0,302,0.0,0.0
KXHIGHCHI,2023-05-17,55.0,45.4,43.3,984.9,11,17.1,24,0.0,0.0
KXHIGHCHI,2023-05-18,66.3,44.4,40.8,985.8,34,15.0,132,0.0,0.0
KXHIGHCHI,2023-05-19,74.0,53.1,51.1,983.4,90,16.5,247,0.205,0.0
KXHIGHCHI,2023-05-20,64.7,47.9,44.9,989.1,4,14.0,6,0.0,0.0
KXHIGHCHI,2023-05-21,72.7,51.3,46.1,989.2,1,13.3,169,0.0,0.0
KXHIGHCHI,2023-05-22,73.0,53.4,47.2,988.7,44,15.3,92,0.0,0.0
KXHIGHCHI,2023-05-23,79.1,57.8,46.5,988.4,1,13.2,111,0.0,0.0
KXHIGHCHI,2023-05-24,60.4,48.9,47.1,990.1,49,19.7,15,0.0,0.0
KXHIGHCHI,2023-05-25,56.0,46.9,35.9,993.9,43,17.2,45,0.0,0.0
KXHIGHCHI,2023-05-26,62.7,47.6,40.6,994.9,8,15.3,38,0.0,0.0
KXHIGHCHI,2023-05-27,67.4,48.6,42.7,993.3,54,13.6,47,0.0,0.0
KXHIGHCHI,2023-05-28,72.1,52.5,45.0,989.0,84,12.0,43,0.0,0.0
KXHIGHCHI,2023-05-29,73.1,53.2,47.0,985.4,61,11.2,41,0.0,0.0
KXHIGHCHI,2023-05-30,79.2,57.5,49.6,984.3,56,11.1,50,0.0,0.0
KXHIGHCHI,2023-05-31,86.3,61.3,59.6,984.9,24,13.4,129,0.098,0.0
KXHIGHCHI,2023-06-01,86.3,64.7,61.2,986.7,16,14.6,120,0.0,0.0
KXHIGHCHI,2023-06-02,81.1,61.3,55.0,986.6,33,12.5,41,0.0,0.0
KXHIGHCHI,2023-06-03,78.0,60.5,54.9,985.6,46,15.7,21,0.0,0.0
KXHIGHCHI,2023-06-04,73.5,59.4,48.7,986.5,25,15.6,38,0.0,0.0
KXHIGHCHI,2023-06-05,77.2,54.8,50.6,986.5,54,11.4,39,0.0,0.0
KXHIGHCHI,2023-06-06,68.7,57.3,55.5,983.4,93,16.6,12,0.008,0.0
KXHIGHCHI,2023-06-07,66.2,55.8,51.0,981.2,32,17.3,18,0.0,0.0
KXHIGHCHI,2023-06-08,67.5,54.3,48.7,981.7,0,12.1,25,0.0,0.0
KXHIGHCHI,2023-06-09,74.0,55.2,46.2,981.9,9,13.1,78,0.0,0.0
KXHIGHCHI,2023-06-10,83.9,59.9,42.9,978.5,52,11.4,204,0.0,0.0
KXHIGHCHI,2023-06-11,69.0,52.2,52.3,978.3,88,25.1,5,0.173,0.0
KXHIGHCHI,2023-06-12,66.0,49.4,43.5,979.2,66,19.9,349,0.043,0.0
KXHIGHCHI,2023-06-13,66.8,55.0,52.8,972.9,87,18.5,292,0.425,0.0
KXHIGHCHI,2023-06-14,66.4,57.2,57.1,974.1,59,11.0,72,0.0,0.0
KXHIGHCHI,2023-06-15,81.0,52.2,55.0,976.1,43,18.5,17,0.008,0.0
KXHIGHCHI,2023-06-16,63.1,52.2,51.6,983.0,51,16.4,14,0.0,0.0
KXHIGHCHI,2023-06-17,72.4,51.7,54.7,983.8,36,10.9,65,0.0,0.0
KXHIGHCHI,2023-06-18,78.3,58.9,54.3,979.8,65,15.6,101,0.0,0.0
KXHIGHCHI,2023-06-19,78.5,63.2,55.7,981.3,66,14.7,49,0.0,0.0
KXHIGHCHI,2023-06-20,73.4,60.3,54.8,985.8,2,17.0,23,0.0,0.0
KXHIGHCHI,2023-06-21,79.3,60.5,59.6,987.7,15,16.1,38,0.0,0.0
KXHIGHCHI,2023-06-22,76.9,62.8,57.6,985.8,29,13.0,45,0.0,0.0
KXHIGHCHI,2023-06-23,77.4,63.0,58.2,983.0,23,12.1,27,0.0,0.0
KXHIGHCHI,2023-06-24,83.6,63.1,60.1,981.4,37,14.5,109,0.0,0.0
KXHIGHCHI,2023-06-25,85.1,67.6,61.4,973.5,49,23.4,213,0.28,0.0
KXHIGHCHI,2023-06-26,75.7,66.5,62.0,973.0,84,17.4,300,0.201,0.0
KXHIGHCHI,2023-06-27,69.0,61.0,57.9,981.0,45,15.9,10,0.008,0.0
KXHIGHCHI,2023-06-28,77.6,56.6,58.9,984.1,30,11.7,101,0.004,0.0
KXHIGHCHI,2023-06-29,86.5,68.1,67.2,981.0,64,13.2,172,1.291,0.0
KXHIGHCHI,2023-06-30,87.2,70.4,70.9,982.2,50,9.3,210,0.0,0.0
KXHIGHCHI,2023-07-01,79.8,70.0,69.5,980.4,88,9.3,181,0.921,0.0
KXHIGHCHI,2023-07-02,70.5,62.4,65.3,976.8,96,26.1,18,5.425,0.0
KXHIGHCHI,2023-07-03,74.7,61.7,63.1,981.6,34,10.3,18,0.0,0.0
KXHIGHCHI,2023-07-04,85.3,64.8,66.4,984.2,12,9.6,186,0.004,0.0
KXHIGHCHI,2023-07-05,85.5,69.8,70.5,983.5,43,12.2,183,1.531,0.0
KXHIGHCHI,2023-07-06,70.4,64.6,65.0,983.6,77,12.0,24,0.039,0.0
KXHIGHCHI,2023-07-07,73.5,63.8,61.9,983.8,62,10.6,41,0.004,0.0
KXHIGHCHI,2023-07-08,69.0,63.0,60.7,981.0,74,12.4,21,0.307,0.0
KXHIGHCHI,2023-07-09,79.0,59.6,59.1,981.5,18,9.9,260,0.012,0.0
KXHIGHCHI,2023-07-10,84.3,62.1,60.1,982.0,4,13.8,230,0.0,0.0
KXHIGHCHI,2023-07-11,83.8,65.1,62.7,981.9,41,16.0,270,0.276,0.0
KXHIGHCHI,2023-07-12,77.4,62.9,63.4,980.2,87,18.4,128,1.331,0.0
KXHIGHCHI,2023-07-13,74.1,60.7,61.8,980.1,58,10.1,21,0.0,0.0
KXHIGHCHI,2023-07-14,87.8,67.0,67.1,979.7,57,16.1,234,0.24,0.0
KXHIGHCHI,2023-07-15,82.9,68.7,68.1,978.7,62,9.9,241,0.228,0.0
KXHIGHCHI,2023-07-16,81.9,65.8,59.8,980.3,24,16.7,263,0.0,0.0
KXHIGHCHI,2023-07-17,74.2,64.7,59.5,981.9,16,12.0,234,0.0,0.0
KXHIGHCHI,2023-07-18,73.0,61.4,59.0,984.3,26,10.2,36,0.0,0.0
KXHIGHCHI,2023-07-19,78.4,59.5,62.5,985.8,33,9.0,114,0.0,0.0
KXHIGHCHI,2023-07-20,85.9,67.0,63.6,982.0,30,16.9,266,0.035,0.0
KXHIGHCHI,2023-07-21,74.5,64.8,61.8,984.7,39,13.4,23,0.004,0.0
KXHIGHCHI,2023-07-22,82.8,62.1,58.6,982.6,24,7.9,250,0.0,0.0
KXHIGHCHI,2023-07-23,79.3,64.3,63.6,982.5,26,9.3,162,0.0,0.0
KXHIGHCHI,2023-07-24,82.1,65.6,64.3,985.8,22,11.1,91,0.0,0.0
KXHIGHCHI,2023-07-25,87.6,65.4,64.3,986.7,30,10.3,154,0.0,0.0
KXHIGHCHI,2023-07-26,89.6,73.1,71.9,979.9,70,18.0,204,0.831,0.0
KXHIGHCHI,2023-07-27,83.8,70.7,73.9,983.0,59,9.0,97,0.0,0.0
KXHIGHCHI,2023-07-28,89.9,72.3,72.9,983.2,89,18.1,187,0.909,0.0
KXHIGHCHI,2023-07-29,74.3,68.3,67.1,985.4,58,14.8,7,0.035,0.0
KXHIGHCHI,2023-07-30,74.8,64.2,63.2,987.8,32,14.0,24,0.004,0.0
KXHIGHCHI,2023-07-31,77.1,60.9,59.2,989.5,17,10.2,93,0.008,0.0
KXHIGHCHI,2023-08-01,82.2,64.0,62.0,990.6,48,8.6,185,0.012,0.0
KXHIGHCHI,2023-08-02,82.9,65.1,62.6,987.7,71,9.7,183,0.0,0.0
KXHIGHCHI,2023-08-03,82.4,64.2,67.0,984.3,44,8.3,138,0.0,0.0
KXHIGHCHI,2023-08-04,78.2,68.8,67.7,984.6,70,14.6,27,0.0,0.0
KXHIGHCHI,2023-08-05,73.2,67.6,67.0,984.0,95,14.3,63,0.917,0.0
KXHIGHCHI,2023-08-06,70.3,66.0,63.9,979.9,89,19.3,26,0.228,0.0
KXHIGHCHI,2023-08-07,73.3,65.9,63.0,979.3,86,14.4,18,0.024,0.0
KXHIGHCHI,2023-08-08,82.3,61.9,59.5,981.6,38,8.5,251,0.016,0.0
KXHIGHCHI,2023-08-09,80.7,64.0,63.6,979.2,64,9.1,234,0.0,0.0
KXHIGHCHI,2023-08-10,82.0,62.6,64.4,977.2,37,9.3,262,0.098,0.0
KXHIGHCHI,2023-08-11,82.1,67.6,67.9,977.3,67,17.7,220,0.343,0.0
KXHIGHCHI,2023-08-12,79.5,69.5,67.2,979.1,32,12.3,258,0.307,0.0
KXHIGHCHI,2023-08-13,75.8,64.0,63.6,984.5,68,12.5,16,0.047,0.0
KXHIGHCHI,2023-08-14,73.8,63.7,65.7,980.6,86,20.8,51,0.917,0.0
KXHIGHCHI,2023-08-15,70.2,63.2,61.4,983.0,53,19.6,350,0.157,0.0
KXHIGHCHI,2023-08-16,79.4,57.7,58.9,984.0,11,14.6,214,0.0,0.0
KXHIGHCHI,2023-08-17,78.7,63.9,57.6,977.1,52,19.0,263,0.409,0.0
KXHIGHCHI,2023-08-18,72.9,56.9,54.4,985.4,34,12.7,151,0.0,0.0
KXHIGHCHI,2023-08-19,79.8,60.3,60.1,985.0,34,15.2,180,0.012,0.0
KXHIGHCHI,2023-08-20,81.8,68.0,70.1,986.7,23,11.0,60,0.0,0.0
KXHIGHCHI,2023-08-21,73.6,67.8,67.2,991.6,97,14.4,24,0.0,0.0
KXHIGHCHI,2023-08-22,82.3,67.6,70.1,990.3,37,11.5,103,0.0,0.0
KXHIGHCHI,2023-08-23,97.9,76.3,76.9,983.6,31,16.9,232,0.0,0.0
KXHIGHCHI,2023-08-24,98.6,78.6,77.6,979.9,61,19.2,245,0.858,0.0
KXHIGHCHI,2023-08-25,76.5,70.0,68.3,983.3,59,13.1,33,0.008,0.0
KXHIGHCHI,2023-08-26,72.9,64.5,65.7,985.5,52,21.9,19,0.031,0.0
KXHIGHCHI,2023-08-27,69.3,62.2,57.4,986.9,6,14.3,42,0.0,0.0
KXHIGHCHI,2023-08-28,74.2,61.6,56.3,986.0,4,8.8,105,0.0,0.0
KXHIGHCHI,2023-08-29,84.0,62.2,59.8,982.2,19,18.4,279,0.008,0.0
KXHIGHCHI,2023-08-30,66.0,59.5,54.1,986.6,43,18.7,14,0.012,0.0
KXHIGHCHI,2023-08-31,71.1,58.4,54.9,988.6,0,9.2,79,0.0,0.0
KXHIGHCHI,2023-09-01,79.5,57.6,57.1,990.4,0,10.8,157,0.0,0.0
KXHIGHCHI,2023-09-02,88.5,62.9,58.1,987.2,37,15.4,215,0.0,0.0
KXHIGHCHI,2023-09-03,94.3,67.8,61.2,983.7,17,16.2,224,0.0,0.0
KXHIGHCHI,2023-09-04,91.9,71.0,68.4,982.5,12,12.1,197,0.008,0.0
KXHIGHCHI,2023-09-05,90.7,75.2,67.8,981.4,84,17.8,187,0.0,0.0
KXHIGHCHI,2023-09-06,85.5,69.5,66.1,978.0,63,19.8,230,0.327,0.0
KXHIGHCHI,2023-09-07,68.9,65.1,60.9,981.7,90,13.8,352,0.004,0.0
KXHIGHCHI,2023-09-08,65.2,62.2,58.8,987.1,86,15.4,12,0.516,0.0
KXHIGHCHI,2023-09-09,69.5,59.4,56.6,990.1,24,10.9,21,0.0,0.0
KXHIGHCHI,2023-09-10,73.8,56.0,58.5,989.1,32,9.5,126,0.0,0.0
KXHIGHCHI,2023-09-11,66.3,62.4,60.8,987.0,98,13.3,334,1.902,0.0
KXHIGHCHI,2023-09-12,64.4,57.4,55.7,987.1,38,15.5,5,0.031,0.0
KXHIGHCHI,2023-09-13,64.3,54.5,53.5,988.1,21,12.9,36,0.189,0.0
KXHIGHCHI,2023-09-14,67.4,52.5,54.0,990.1,12,8.2,66,0.0,0.0
KXHIGHCHI,2023-09-15,73.9,54.1,53.5,988.9,14,8.7,162,0.0,0.0
KXHIGHCHI,2023-09-16,66.2,58.0,54.9,985.6,90,8.4,185,0.071,0.0
KXHIGHCHI,2023-09-17,64.0,58.5,57.7,983.6,67,17.1,10,2.004,0.0
KXHIGHCHI,2023-09-18,64.0,53.1,55.6,986.2,30,8.2,35,0.016,0.0
KXHIGHCHI,2023-09-19,66.7,56.7,56.6,985.3,91,15.7,166,0.331,0.0
KXHIGHCHI,2023-09-20,77.9,59.8,56.9,986.6,75,12.5,175,0.0,0.0
KXHIGHCHI,2023-09-21,72.1,62.8,62.1,990.3,90,11.0,110,0.004,0.0
KXHIGHCHI,2023-09-22,74.4,63.9,62.3,989.8,88,11.2,118,0.059,0.0
KXHIGHCHI,2023-09-23,72.2,62.2,57.2,987.2,50,15.7,110,0.0,0.0
KXHIGHCHI,2023-09-24,71.4,56.8,55.9,985.5,51,14.5,109,0.0,0.0
KXHIGHCHI,2023-09-25,70.2,61.8,60.0,987.1,64,12.3,104,0.15,0.0
KXHIGHCHI,2023-09-26,70.9,61.6,61.6,987.6,94,15.5,111,0.906,0.0
KXHIGHCHI,2023-09-27,67.2,62.8,61.0,986.9,78,15.0,106,0.138,0.0
KXHIGHCHI,2023-09-28,67.2,61.2,60.7,987.1,37,12.0,48,0.035,0.0
KXHIGHCHI,2023-09-29,70.6,57.7,60.8,988.8,42,11.2,125,0.004,0.0
KXHIGHCHI,2023-09-30,77.4,58.8,61.8,991.3,1,9.9,152,0.0,0.0
KXHIGHCHI,2023-10-01,76.5,60.6,62.3,993.4,0,8.6,137,0.0,0.0
KXHIGHCHI,2023-10-02,79.8,61.1,62.7,991.4,9,8.7,150,0.0,0.0
KXHIGHCHI,2023-10-03,81.9,60.4,58.3,988.0,14,11.9,180,0.0,0.0
KXHIGHCHI,2023-10-04,82.0,68.1,58.9,984.0,92,21.2,199,0.016,0.0
KXHIGHCHI,2023-10-05,71.1,61.4,60.4,981.9,78,17.4,240,0.445,0.0
KXHIGHCHI,2023-10-06,60.3,45.6,41.5,983.4,28,22.9,263,0.016,0.0
KXHIGHCHI,2023-10-07,56.7,45.0,37.9,987.0,17,16.3,301,0.004,0.0
KXHIGHCHI,2023-10-08,54.0,43.8,37.7,982.6,88,10.9,293,0.0,0.0
KXHIGHCHI,2023-10-09,54.7,42.9,35.5,978.2,29,15.4,293,0.0,0.0
KXHIGHCHI,2023-10-10,59.4,41.2,34.6,977.5,26,12.5,265,0.0,0.0
KXHIGHCHI,2023-10-11,63.1,40.6,40.3,978.4,46,10.4,210,0.5,0.0
KXHIGHCHI,2023-10-12,59.5,54.0,52.4,980.6,90,16.8,81,0.358,0.0
KXHIGHCHI,2023-10-13,58.0,54.5,51.9,979.5,95,16.9,97,0.654,0.0
KXHIGHCHI,2023-10-14,55.2,52.2,48.2,979.1,87,25.5,45,0.72,0.0
KXHIGHCHI,2023-10-15,56.8,46.3,44.0,985.8,74,18.7,351,0.059,0.0
KXHIGHCHI,2023-10-16,54.5,45.3,45.9,986.0,80,17.5,1,0.075,0.0
KXHIGHCHI,2023-10-17,59.8,38.9,42.8,985.3,37,9.9,238,0.0,0.0
KXHIGHCHI,2023-10-18,64.5,45.8,46.7,981.5,88,18.8,185,0.051,0.0
KXHIGHCHI,2023-10-19,60.4,52.8,52.0,974.6,96,13.8,233,0.236,0.0
KXHIGHCHI,2023-10-20,58.3,46.7,46.0,973.7,48,16.6,306,0.134,0.0
KXHIGHCHI,2023-10-21,63.6,42.3,45.9,974.2,62,17.5,313,0.13,0.0
KXHIGHCHI,2023-10-22,52.3,42.4,41.6,986.9,31,18.1,353,0.0,0.0
KXHIGHCHI,2023-10-23,62.2,43.2,43.8,987.2,51,16.4,170,0.0,0.0
KXHIGHCHI,2023-10-24,76.0,57.0,54.0,985.2,56,17.6,203,0.012,0.0
KXHIGHCHI,2023-10-25,66.0,59.9,58.1,986.2,97,16.5,204,0.374,0.0
KXHIGHCHI,2023-10-26,67.1,62.9,60.2,983.9,100,18.0,199,0.457,0.0
KXHIGHCHI,2023-10-27,70.5,47.8,58.6,983.7,60,16.5,239,0.169,0.0
KXHIGHCHI,2023-10-28,49.5,40.4,37.4,992.1,68,15.2,6,0.043,0.0
KXHIGHCHI,2023-10-29,49.9,40.3,41.5,988.6,100,18.1,18,0.445,0.0
KXHIGHCHI,2023-10-30,40.9,30.8,24.6,990.0,21,15.9,300,0.0,0.0
KXHIGHCHI,2023-10-31,37.0,28.1,23.6,987.6,60,23.1,273,0.071,0.358
KXHIGHCHI,2023-11-01,41.5,27.7,26.4,994.6,42,14.3,260,0.008,0.0
KXHIGHCHI,2023-11-02,51.0,32.6,29.8,991.0,76,16.0,207,0.0,0.0
KXHIGHCHI,2023-11-03,53.2,43.4,34.8,986.4,90,16.4,212,0.004,0.0
KXHIGHCHI,2023-11-04,54.4,42.6,43.1,988.7,29,13.2,8,0.0,0.0
KXHIGHCHI,2023-11-05,56.8,35.5,39.7,988.2,78,14.1,205,0.0,0.0
KXHIGHCHI,2023-11-06,67.5,48.9,46.5,976.5,64,23.6,225,0.051,0.0
KXHIGHCHI,2023-11-07,54.2,42.2,40.9,983.5,75,13.8,19,0.0,0.0
KXHIGHCHI,2023-11-08,59.5,45.7,47.8,976.7,100,17.2,105,0.48,0.0
KXHIGHCHI,2023-11-09,53.8,39.6,35.7,985.0,14,16.6,268,0.0,0.0
KXHIGHCHI,2023-11-10,46.7,37.8,31.7,990.5,41,13.7,286,0.0,0.0
KXHIGHCHI,2023-11-11,49.9,31.5,33.8,997.7,32,8.7,233,0.0,0.0
KXHIGHCHI,2023-11-12,53.2,40.0,33.5,995.3,42,15.0,183,0.0,0.0
KXHIGHCHI,2023-11-13,58.5,40.2,34.9,994.6,0,14.1,273,0.0,0.0
KXHIGHCHI,2023-11-14,57.0,32.3,32.7,994.8,1,12.9,200,0.0,0.0
KXHIGHCHI,2023-11-15,60.0,41.3,36.4,989.7,26,11.8,223,0.0,0.0
KXHIGHCHI,2023-11-16,62.2,42.3,43.9,984.4,64,19.6,201,0.0,0.0
KXHIGHCHI,2023-11-17,59.6,36.8,41.6,981.6,62,18.2,337,0.028,0.0
KXHIGHCHI,2023-11-18,49.5,28.9,27.8,985.0,0,13.1,246,0.0,0.0
KXHIGHCHI,2023-11-19,49.6,35.3,37.2,985.7,32,11.8,23,0.0,0.0
KXHIGHCHI,2023-11-20,46.7,42.3,37.8,988.6,100,18.1,90,0.142,0.0
KXHIGHCHI,2023-11-21,45.0,39.5,38.0,980.6,96,17.4,347,0.528,0.0
KXHIGHCHI,2023-11-22,45.0,35.5,33.2,983.8,41,13.3,268,0.0,0.0
KXHIGHCHI,2023-11-23,44.2,32.9,30.3,985.0,43,16.4,319,0.0,0.0
KXHIGHCHI,2023-11-24,38.8,30.3,25.4,997.9,98,18.2,357,0.0,0.0
KXHIGHCHI,2023-11-25,35.4,29.9,23.6,994.3,88,7.9,185,0.0,0.0
KXHIGHCHI,2023-11-26,34.6,28.9,26.4,979.8,95,18.8,252,0.13,0.909
KXHIGHCHI,2023-11-27,28.0,17.9,13.4,983.8,36,19.7,271,0.0,0.0
KXHIGHCHI,2023-11-28,24.5,13.7,4.1,990.3,35,15.7,269,0.0,0.0
KXHIGHCHI,2023-11-29,42.0,19.3,19.2,981.5,16,14.5,229,0.0,0.0
KXHIGHCHI,2023-11-30,50.6,30.8,33.6,978.4,77,17.3,221,0.008,0.0
KXHIGHCHI,2023-12-01,43.9,38.9,39.5,978.8,100,11.7,59,0.713,0.0
KXHIGHCHI,2023-12-02,42.9,38.8,37.0,982.7,99,9.3,25,0.024,0.0
KXHIGHCHI,2023-12-03,40.2,35.2,35.8,976.7,96,15.2,250,0.299,0.0
KXHIGHCHI,2023-12-04,40.5,30.4,30.5,982.8,72,9.8,298,0.0,0.0
KXHIGHCHI,2023-12-05,40.1,30.9,32.0,985.8,96,13.3,12,0.126,0.524
KXHIGHCHI,2023-12-06,38.1,28.9,27.8,991.0,80,17.1,246,0.0,0.0
KXHIGHCHI,2023-12-07,51.4,34.3,33.9,979.4,39,17.8,207,0.0,0.0
KXHIGHCHI,2023-12-08,55.8,44.8,41.0,974.5,52,18.0,203,0.0,0.0
KXHIGHCHI,2023-12-09,53.8,36.7,39.4,975.6,64,20.8,229,0.079,0.0
KXHIGHCHI,2023-12-10,36.0,29.8,24.9,984.2,99,17.9,280,0.0,0.0
KXHIGHCHI,2023-12-11,34.9,26.3,22.3,988.9,52,13.4,237,0.0,0.0
KXHIGHCHI,2023-12-12,36.7,26.7,22.9,994.2,26,14.5,262,0.0,0.0
KXHIGHCHI,2023-12-13,38.7,21.8,17.2,1004.9,30,10.4,247,0.0,0.0
KXHIGHCHI,2023-12-14,47.1,28.6,26.8,1004.1,1,11.3,231,0.0,0.0
KXHIGHCHI,2023-12-15,50.5,32.5,30.8,998.1,71,9.3,195,0.0,0.0
KXHIGHCHI,2023-12-16,43.0,39.3,34.9,988.1,99,15.4,154,0.358,0.0
KXHIGHCHI,2023-12-17,44.0,36.3,38.5,979.2,100,13.3,244,0.0,0.0
KXHIGHCHI,2023-12-18,35.9,21.5,17.6,980.6,37,23.7,308,0.004,0.028
KXHIGHCHI,2023-12-19,32.6,18.3,9.2,991.8,54,14.2,224,0.0,0.0
KXHIGHCHI,2023-12-20,41.9,27.4,22.7,993.9,52,12.8,174,0.0,0.0
KXHIGHCHI,2023-12-21,42.3,32.5,33.3,994.7,100,6.7,118,0.039,0.0
KXHIGHCHI,2023-12-22,46.6,39.9,39.4,989.8,100,7.7,163,0.472,0.0
KXHIGHCHI,2023-12-23,46.8,43.1,43.8,988.5,100,6.0,118,0.035,0.0
KXHIGHCHI,2023-12-24,55.9,42.2,47.2,989.0,85,13.4,151,0.0,0.0
KXHIGHCHI,2023-12-25,52.2,47.0,46.2,982.1,100,18.8,132,0.323,0.0
KXHIGHCHI,2023-12-26,52.2,32.7,36.7,982.3,69,15.8,206,0.024,0.0
KXHIGHCHI,2023-12-27,40.6,31.7,31.8,983.7,56,15.9,31,0.0,0.0
KXHIGHCHI,2023-12-28,40.5,36.9,36.7,978.0,99,17.2,353,0.161,0.0
KXHIGHCHI,2023-12-29,40.7,31.2,36.5,977.8,83,16.6,351,0.177,0.0
KXHIGHCHI,2023-12-30,42.2,26.7,28.6,978.8,28,12.2,236,0.0,0.0
KXHIGHCHI,2023-12-31,33.6,29.5,27.0,981.5,96,17.7,291,0.059,0.413
KXHIGHCHI,2024-01-01,34.4,27.3,24.2,992.2,56,18.9,312,0.016,0.11
KXHIGHCHI,2024-01-02,36.5,23.7,23.2,988.9,46,16.8,233,0.0,0.0
KXHIGHCHI,2024-01-03,35.7,29.4,26.5,986.2,94,10.7,291,0.0,0.0
KXHIGHCHI,2024-01-04,33.8,23.7,22.0,993.6,32,12.3,324,0.0,0.0
KXHIGHCHI,2024-01-05,35.8,22.3,22.7,990.4,83,10.9,166,0.0,0.0
KXHIGHCHI,2024-01-06,33.3,30.4,28.8,977.4,100,10.2,151,0.205,1.406
KXHIGHCHI,2024-01-07,34.7,27.0,27.4,981.1,96,13.2,269,0.047,0.331
KXHIGHCHI,2024-01-08,37.4,26.9,27.6,990.2,100,16.3,136,0.008,0.028
KXHIGHCHI,2024-01-09,36.3,33.3,33.1,961.2,100,20.7,70,1.098,4.134
KXHIGHCHI,2024-01-10,33.3,28.9,26.2,967.3,84,20.9,266,0.047,0.303
KXHIGHCHI,2024-01-11,33.8,25.4,25.3,975.9,86,16.0,240,0.035,0.248
KXHIGHCHI,2024-01-12,37.6,29.9,31.5,964.6,100,28.0,119,0.898,3.528
KXHIGHCHI,2024-01-13,33.2,4.0,16.2,968.5,99,22.9,268,0.091,0.634
KXHIGHCHI,2024-01-14,2.8,-9.8,-15.3,987.0,43,24.3,250,0.02,0.138
KXHIGHCHI,2024-01-15,0.8,-12.7,-15.6,991.1,80,15.7,248,0.0,0.0
KXHIGHCHI,2024-01-16,2.0,-7.4,-11.7,986.4,24,21.9,247,0.0,0.055
KXHIGHCHI,2024-01-17,18.3,1.0,0.4,982.5,64,18.8,238,0.004,0.028
KXHIGHCHI,2024-01-18,24.6,15.4,12.0,984.5,92,14.5,338,0.035,0.248
KXHIGHCHI,2024-01-19,13.6,7.2,3.1,990.2,100,19.0,302,0.142,0.992
KXHIGHCHI,2024-01-20,19.8,5.1,0.2,999.2,32,15.8,300,0.0,0.0
KXHIGHCHI,2024-01-21,22.9,-0.6,-0.6,1000.9,42,15.6,202,0.0,0.0
KXHIGHCHI,2024-01-22,32.9,18.3,19.4,992.5,100,15.8,203,0.063,0.083
KXHIGHCHI,2024-01-23,35.6,30.0,31.2,991.8,100,9.1,144,0.358,0.0
KXHIGHCHI,2024-01-24,36.7,31.0,33.5,988.5,100,9.3,37,0.217,0.0
KXHIGHCHI,2024-01-25,39.5,33.7,35.4,986.2,100,13.5,20,0.295,0.0
KXHIGHCHI,2024-01-26,39.1,35.0,35.5,986.6,100,13.6,354,0.374,0.0
KXHIGHCHI,2024-01-27,37.7,32.1,34.8,989.5,96,14.8,3,0.091,0.0
KXHIGHCHI,2024-01-28,37.3,32.1,32.6,987.2,98,20.7,352,0.114,0.0
KXHIGHCHI,2024-01-29,43.3,26.6,29.5,987.8,45,14.3,230,0.0,0.0
KXHIGHCHI,2024-01-30,40.4,32.1,32.2,981.4,99,13.6,293,0.126,0.276
KXHIGHCHI,2024-01-31,45.0,27.8,31.1,986.9,14,13.6,245,0.0,0.0
KXHIGHCHI,2024-02-01,51.1,33.3,34.6,982.1,5,13.7,289,0.0,0.0
KXHIGHCHI,2024-02-02,37.8,32.2,32.0,988.0,42,13.8,40,0.0,0.0
KXHIGHCHI,2024-02-03,37.8,27.5,29.0,987.7,0,10.9,93,0.0,0.0
KXHIGHCHI,2024-02-04,37.4,29.1,29.4,985.9,5,13.3,45,0.0,0.0
KXHIGHCHI,2024-02-05,37.6,30.1,30.8,987.8,31,14.6,7,0.0,0.0
KXHIGHCHI,2024-02-06,44.6,27.3,31.9,990.5,74,8.1,126,0.0,0.0
KXHIGHCHI,2024-02-07,46.0,28.1,30.7,988.7,100,12.5,172,0.0,0.0
KXHIGHCHI,2024-02-08,57.7,38.9,38.8,977.8,66,20.9,188,0.0,0.0
KXHIGHCHI,2024-02-09,55.1,37.8,37.8,976.5,17,20.9,235,0.0,0.0
KXHIGHCHI,2024-02-10,41.7,28.0,26.5,982.6,38,12.1,290,0.0,0.0
KXHIGHCHI,2024-02-11,38.5,26.1,25.8,986.0,58,8.3,347,0.0,0.0
KXHIGHCHI,2024-02-12,43.0,21.7,23.6,981.0,11,7.4,247,0.0,0.0
KXHIGHCHI,2024-02-13,39.7,27.7,24.0,983.7,23,11.1,332,0.0,0.0
KXHIGHCHI,2024-02-14,42.5,24.1,25.5,989.7,50,13.4,147,0.0,0.0
KXHIGHCHI,2024-02-15,42.3,29.4,25.7,983.4,60,20.4,280,0.256,0.634
KXHIGHCHI,2024-02-16,30.5,26.6,16.4,988.4,99,13.3,323,0.031,0.22
KXHIGHCHI,2024-02-17,28.6,13.2,1.1,986.7,9,22.2,271,0.0,0.0
KXHIGHCHI,2024-02-18,43.8,23.1,14.3,979.4,0,21.7,260,0.0,0.0
KXHIGHCHI,2024-02-19,46.5,19.7,21.3,987.3,55,9.6,198,0.0,0.0
KXHIGHCHI,2024-02-20,54.5,25.7,27.7,988.9,14,14.9,183,0.0,0.0
KXHIGHCHI,2024-02-21,59.5,37.7,36.9,982.1,88,16.7,215,0.004,0.0
KXHIGHCHI,2024-02-22,47.4,39.4,37.8,974.9,88,9.8,10,0.008,0.0
KXHIGHCHI,2024-02-23,46.5,28.8,30.1,974.8,49,24.1,351,0.11,0.744
KXHIGHCHI,2024-02-24,30.3,23.5,17.6,984.5,80,23.6,28,0.012,0.083
KXHIGHCHI,2024-02-25,57.2,29.0,28.8,977.6,46,16.3,214,0.0,0.0
KXHIGHCHI,2024-02-26,65.7,36.0,40.2,975.1,58,16.8,155,0.0,0.0
KXHIGHCHI,2024-02-27,71.2,50.6,53.4,963.6,42,17.5,195,0.22,0.0
KXHIGHCHI,2024-02-28,52.7,22.5,15.6,979.4,28,23.2,289,0.012,0.028
KXHIGHCHI,2024-02-29,42.3,19.9,6.6,996.8,6,16.1,218,0.0,0.0
KXHIGHCHI,2024-03-01,42.5,29.1,23.1,989.9,57,15.3,184,0.0,0.0
KXHIGHCHI,2024-03-02,55.6,29.6,35.4,986.0,1,13.3,183,0.0,0.0
KXHIGHCHI,2024-03-03,66.2,40.7,43.4,980.5,55,22.6,169,0.0,0.0
KXHIGHCHI,2024-03-04,72.4,50.9,53.6,980.1,67,20.1,189,0.012,0.0
KXHIGHCHI,2024-03-05,50.1,37.8,36.6,983.0,90,21.6,360,0.563,0.0
KXHIGHCHI,2024-03-06,42.7,37.8,35.5,986.6,48,16.6,8,0.0,0.0
KXHIGHCHI,2024-03-07,44.3,34.7,35.5,986.7,87,14.3,78,0.0,0.0
KXHIGHCHI,2024-03-08,44.4,39.4,40.3,980.7,100,19.0,50,0.933,0.0
KXHIGHCHI,2024-03-09,45.0,33.0,29.9,979.4,64,16.4,316,0.004,0.0
KXHIGHCHI,2024-03-10,43.9,28.0,22.0,986.4,0,15.8,321,0.0,0.0
KXHIGHCHI,2024-03-11,61.6,29.9,31.0,985.3,26,21.0,220,0.0,0.0
KXHIGHCHI,2024-03-12,66.2,45.3,40.7,979.0,92,18.6,225,0.0,0.0
KXHIGHCHI,2024-03-13,54.8,43.5,43.0,979.1,63,12.5,357,0.114,0.0
KXHIGHCHI,2024-03-14,65.2,39.8,43.7,979.0,90,22.6,10,0.961,0.0
KXHIGHCHI,2024-03-15,41.9,36.3,35.0,987.2,14,17.9,16,0.0,0.0
KXHIGHCHI,2024-03-16,57.7,37.0,34.0,976.8,39,26.0,251,0.0,0.0
KXHIGHCHI,2024-03-17,40.8,30.2,20.2,979.6,66,17.9,302,0.004,0.028
KXHIGHCHI,2024-03-18,37.1,24.4,16.6,986.4,56,12.8,307,0.0,0.0
KXHIGHCHI,2024-03-19,54.8,28.0,24.5,976.0,77,23.1,251,0.0,0.0
KXHIGHCHI,2024-03-20,39.5,27.8,19.3,983.3,17,16.3,324,0.0,0.0
KXHIGHCHI,2024-03-21,36.8,24.4,21.3,992.8,83,12.6,107,0.0,0.0
KXHIGHCHI,2024-03-22,37.8,31.8,27.4,988.1,97,17.4,59,0.516,3.583
KXHIGHCHI,2024-03-23,34.5,29.9,23.3,992.8,61,15.4,17,0.016,0.11
KXHIGHCHI,2024-03-24,43.6,30.0,25.6,987.6,97,19.5,126,0.0,0.0
KXHIGHCHI,2024-03-25,59.5,40.9,38.8,975.9,100,21.0,163,0.476,0.0
KXHIGHCHI,2024-03-26,55.1,33.7,41.1,969.0,87,28.0,211,0.28,0.0
KXHIGHCHI,2024-03-27,43.7,29.0,22.1,984.1,37,18.3,256,0.0,0.0
KXHIGHCHI,2024-03-28,51.1,27.0,26.0,987.1,26,17.0,255,0.0,0.0
KXHIGHCHI,2024-03-29,44.0,31.4,29.6,985.0,72,13.2,57,0.205,0.0
KXHIGHCHI,2024-03-30,61.1,37.9,43.3,977.8,73,16.0,59,0.244,0.0
KXHIGHCHI,2024-03-31,42.8,36.2,36.8,982.4,99,14.8,45,0.343,0.0
KXHIGHCHI,2024-04-01,46.1,39.9,40.4,979.1,93,16.3,51,0.685,0.0
KXHIGHCHI,2024-04-02,60.2,36.6,40.8,966.0,94,27.2,76,0.217,0.0
KXHIGHCHI,2024-04-03,37.0,34.9,32.9,959.8,100,20.6,278,0.398,1.268
KXHIGHCHI,2024-04-04,40.5,34.2,33.0,973.2,85,22.2,335,0.106,0.276
KXHIGHCHI,2024-04-05,44.2,34.4,30.8,987.4,37,19.3,354,0.0,0.0
KXHIGHCHI,2024-04-06,44.7,33.0,33.3,991.1,6,11.6,26,0.0,0.0
KXHIGHCHI,2024-04-07,52.8,37.6,37.6,983.3,56,18.5,127,0.449,0.0
KXHIGHCHI,2024-04-08,70.7,45.3,43.6,979.9,9,17.0,199,0.0,0.0
KXHIGHCHI,2024-04-09,62.0,47.0,41.1,980.7,51,13.8,243,0.0,0.0
KXHIGHCHI,2024-04-10,59.5,39.1,41.4,981.2,71,9.6,84,0.0,0.0
KXHIGHCHI,2024-04-11,51.2,45.8,44.2,971.3,99,12.6,9,0.343,0.0
KXHIGHCHI,2024-04-12,60.3,45.9,42.2,976.1,54,23.6,307,0.193,0.0
KXHIGHCHI,2024-04-13,66.7,40.2,38.4,984.5,19,19.0,239,0.0,0.0
KXHIGHCHI,2024-04-14,74.6,54.0,48.7,975.9,21,19.2,232,0.0,0.0
KXHIGHCHI,2024-04-15,64.8,44.4,44.1,982.9,20,13.7,47,0.0,0.0
KXHIGHCHI,2024-04-16,69.0,47.1,48.0,981.2,89,21.0,113,0.772,0.0
KXHIGHCHI,2024-04-17,65.9,53.7,52.2,974.3,59,24.9,233,0.055,0.0
KXHIGHCHI,2024-04-18,53.3,44.8,43.3,984.9,79,11.0,9,0.264,0.0
KXHIGHCHI,2024-04-19,55.3,40.2,32.2,986.7,23,20.2,290,0.0,0.0
KXHIGHCHI,2024-04-20,44.8,34.1,24.2,990.6,60,14.2,289,0.0,0.0
KXHIGHCHI,2024-04-21,55.4,31.5,30.8,989.4,26,12.4,279,0.0,0.0
KXHIGHCHI,2024-04-22,63.1,37.6,34.2,985.4,49,18.2,220,0.0,0.0
KXHIGHCHI,2024-04-23,62.4,46.9,42.3,977.8,72,20.1,228,0.059,0.0
KXHIGHCHI,2024-04-24,41.7,34.8,31.5,991.4,44,20.3,13,0.0,0.0
KXHIGHCHI,2024-04-25,50.2,33.4,36.4,994.2,24,11.4,79,0.0,0.0
KXHIGHCHI,2024-04-26,58.8,41.3,42.2,986.2,98,19.5,131,0.091,0.0
KXHIGHCHI,2024-04-27,78.0,59.5,60.9,980.4,87,25.9,205,0.059,0.0
KXHIGHCHI,2024-04-28,76.8,61.9,60.1,982.0,99,23.4,200,0.256,0.0
KXHIGHCHI,2024-04-29,70.8,56.3,56.8,979.2,96,19.6,214,0.374,0.0
KXHIGHCHI,2024-04-30,70.1,46.4,49.1,981.4,20,11.7,222,0.0,0.0
KXHIGHCHI,2024-05-01,72.4,55.6,50.4,980.9,48,17.4,238,0.039,0.0
KXHIGHCHI,2024-05-02,77.3,50.3,53.9,981.8,74,18.4,132,0.079,0.0
KXHIGHCHI,2024-05-03,63.5,47.8,54.3,984.1,77,12.9,14,0.11,0.0
KXHIGHCHI,2024-05-04,70.5,46.2,57.5,982.7,57,11.7,115,0.031,0.0
KXHIGHCHI,2024-05-05,58.8,46.9,47.9,986.2,65,13.6,13,0.0,0.0
KXHIGHCHI,2024-05-06,62.3,46.1,49.7,983.0,54,14.6,65,0.0,0.0
KXHIGHCHI,2024-05-07,71.5,55.1,56.3,972.0,62,17.3,173,0.752,0.0
KXHIGHCHI,2024-05-08,72.9,52.5,49.5,974.4,26,13.5,73,0.0,0.0
KXHIGHCHI,2024-05-09,57.0,47.7,49.9,977.2,86,17.0,48,0.291,0.0
KXHIGHCHI,2024-05-10,65.8,46.0,47.8,980.7,44,12.5,281,0.004,0.0
KXHIGHCHI,2024-05-11,63.3,49.9,46.7,977.9,31,17.4,308,0.083,0.0
KXHIGHCHI,2024-05-12,77.9,46.8,50.2,979.1,41,15.8,208,0.024,0.0
KXHIGHCHI,2024-05-13,76.9,59.4,55.8,977.5,78,16.5,218,0.575,0.0
KXHIGHCHI,2024-05-14,61.9,49.3,52.2,977.8,96,18.7,9,0.398,0.0
KXHIGHCHI,2024-05-15,57.1,49.9,47.3,979.6,37,15.3,15,0.0,0.0
KXHIGHCHI,2024-05-16,73.3,48.9,55.4,978.8,95,15.4,200,0.059,0.0
KXHIGHCHI,2024-05-17,71.6,53.2,59.3,977.4,65,10.7,101,0.0,0.0
KXHIGHCHI,2024-05-18,80.8,54.2,59.8,979.9,45,11.3,184,0.024,0.0
KXHIGHCHI,2024-05-19,67.9,56.6,54.6,983.8,25,13.5,24,0.0,0.0
KXHIGHCHI,2024-05-20,83.3,56.0,58.9,980.9,84,20.4,201,0.051,0.0
KXHIGHCHI,2024-05-21,88.3,56.6,61.5,976.8,88,25.2,169,0.012,0.0
KXHIGHCHI,2024-05-22,75.6,61.3,52.2,976.5,6,24.8,245,0.0,0.0
KXHIGHCHI,2024-05-23,77.2,55.3,48.3,982.0,14,11.3,141,0.0,0.0
KXHIGHCHI,2024-05-24,76.0,61.4,59.9,978.2,67,18.8,170,0.087,0.0
KXHIGHCHI,2024-05-25,67.4,58.2,49.8,979.9,24,11.7,26,0.0,0.0
KXHIGHCHI,2024-05-26,69.2,57.6,56.1,973.7,92,15.0,141,0.732,0.0
KXHIGHCHI,2024-05-27,71.8,56.2,54.0,974.0,73,18.4,292,0.012,0.0
KXHIGHCHI,2024-05-28,67.5,53.9,54.0,982.6,41,14.6,295,0.303,0.0
KXHIGHCHI,2024-05-29,60.8,51.1,49.4,989.6,45,17.9,360,0.201,0.0
KXHIGHCHI,2024-05-30,62.1,49.5,46.1,991.8,5,12.0,23,0.0,0.0
KXHIGHCHI,2024-05-31,73.9,51.3,52.2,990.9,85,9.9,134,0.0,0.0
KXHIGHCHI,2024-06-01,68.4,59.5,56.9,984.7,100,13.5,162,0.606,0.0
KXHIGHCHI,2024-06-02,67.9,57.4,58.0,983.9,53,9.5,36,0.0,0.0
KXHIGHCHI,2024-06-03,82.8,56.5,61.5,980.5,72,14.7,167,0.0,0.0
KXHIGHCHI,2024-06-04,81.1,67.1,64.6,977.1,93,14.1,156,0.173,0.0
KXHIGHCHI,2024-06-05,79.1,67.0,63.7,972.4,60,16.9,232,0.445,0.0
KXHIGHCHI,2024-06-06,75.7,63.3,51.3,973.1,31,23.8,275,0.004,0.0
KXHIGHCHI,2024-06-07,76.7,58.1,51.8,978.1,31,20.4,284,0.0,0.0
KXHIGHCHI,2024-06-08,80.1,54.5,55.8,979.0,70,18.5,269,0.079,0.0
KXHIGHCHI,2024-06-09,78.3,55.5,50.0,980.2,25,18.9,304,0.0,0.0
KXHIGHCHI,2024-06-10,60.6,54.2,46.0,983.8,35,19.0,16,0.0,0.0
KXHIGHCHI,2024-06-11,75.5,48.6,47.1,984.1,44,9.2,196,0.0,0.0
KXHIGHCHI,2024-06-12,90.4,62.8,53.8,981.6,39,14.8,218,0.0,0.0
KXHIGHCHI,2024-06-13,88.6,70.2,65.0,980.1,64,18.7,225,0.181,0.0
KXHIGHCHI,2024-06-14,76.0,61.2,58.9,984.1,14,15.1,16,0.0,0.0
KXHIGHCHI,2024-06-15,85.2,59.4,54.6,986.8,89,14.9,132,0.0,0.0
KXHIGHCHI,2024-06-16,92.3,68.5,58.9,982.4,81,19.8,184,0.016,0.0
KXHIGHCHI,2024-06-17,93.7,76.0,67.5,982.8,25,17.9,205,0.004,0.0
KXHIGHCHI,2024-06-18,91.4,75.7,67.6,984.7,68,23.0,196,0.11,0.0
KXHIGHCHI,2024-06-19,92.5,76.6,65.4,990.9,42,17.0,208,0.0,0.0
KXHIGHCHI,2024-06-20,78.5,64.7,65.6,993.7,41,13.3,16,0.063,0.0
KXHIGHCHI,2024-06-21,92.6,64.3,65.0,990.4,16,15.5,120,0.0,0.0
KXHIGHCHI,2024-06-22,94.7,77.3,63.5,981.6,84,23.0,221,0.004,0.0
KXHIGHCHI,2024-06-23,80.0,69.9,67.4,977.5,36,22.5,294,0.134,0.0
KXHIGHCHI,2024-06-24,81.7,65.1,62.2,982.4,21,15.7,121,0.0,0.0
KXHIGHCHI,2024-06-25,91.8,72.9,68.4,977.5,95,20.9,231,0.283,0.0
KXHIGHCHI,2024-06-26,85.6,66.2,66.5,979.3,60,14.1,1,0.031,0.0
KXHIGHCHI,2024-06-27,66.6,62.1,52.8,984.9,26,16.8,36,0.0,0.0
KXHIGHCHI,2024-06-28,73.4,63.9,63.4,980.5,94,13.8,158,0.563,0.0
KXHIGHCHI,2024-06-29,88.1,71.0,69.8,980.2,63,15.5,250,0.165,0.0
KXHIGHCHI,2024-06-30,71.2,58.5,52.7,992.5,14,19.2,12,0.0,0.0
KXHIGHCHI,2024-07-01,69.7,56.6,53.1,993.0,42,10.9,74,0.0,0.0
KXHIGHCHI,2024-07-02,83.9,62.2,55.4,984.9,79,18.6,161,0.008,0.0
KXHIGHCHI,2024-07-03,87.9,70.2,65.3,981.5,79,16.4,237,0.524,0.0
KXHIGHCHI,2024-07-04,78.4,69.1,67.8,982.1,74,8.9,221,0.035,0.0
KXHIGHCHI,2024-07-05,81.1,67.2,62.1,978.6,22,17.5,247,0.047,0.0
KXHIGHCHI,2024-07-06,76.6,61.9,61.0,982.9,10,8.7,66,0.008,0.0
KXHIGHCHI,2024-07-07,86.5,64.4,64.2,985.1,52,16.2,182,0.413,0.0
KXHIGHCHI,2024-07-08,87.4,69.8,64.8,983.8,79,12.8,213,0.028,0.0
KXHIGHCHI,2024-07-09,76.2,68.7,67.9,982.0,100,11.5,144,0.614,0.0
KXHIGHCHI,2024-07-10,74.9,66.6,66.0,980.9,63,17.1,355,0.63,0.0
KXHIGHCHI,2024-07-11,72.8,65.5,66.0,986.8,43,10.2,31,0.0,0.0
KXHIGHCHI,2024-07-12,78.3,64.7,66.5,988.7,3,8.9,53,0.0,0.0
KXHIGHCHI,2024-07-13,87.7,66.1,68.3,989.0,41,11.9,181,0.102,0.0
KXHIGHCHI,2024-07-14,89.3,72.2,70.8,983.5,82,15.3,217,1.74,0.0
KXHIGHCHI,2024-07-15,90.9,71.5,70.7,978.7,74,20.3,216,1.173,0.0
KXHIGHCHI,2024-07-16,86.7,72.2,70.7,977.9,52,24.2,265,0.283,0.0
KXHIGHCHI,2024-07-17,79.2,66.6,63.4,984.0,26,12.8,10,0.02,0.0
KXHIGHCHI,2024-07-18,69.3,62.5,55.5,990.7,12,16.8,28,0.004,0.0
KXHIGHCHI,2024-07-19,75.0,56.8,57.0,990.4,21,13.4,150,0.0,0.0
KXHIGHCHI,2024-07-20,76.3,60.5,59.2,988.8,75,9.7,158,0.0,0.0
KXHIGHCHI,2024-07-21,79.1,62.5,62.9,988.2,71,10.8,31,0.0,0.0
KXHIGHCHI,2024-07-22,75.4,66.0,66.7,986.0,31,10.6,42,0.02,0.0
KXHIGHCHI,2024-07-23,85.3,64.5,66.0,985.2,67,14.8,234,0.091,0.0
KXHIGHCHI,2024-07-24,71.9,66.7,64.4,989.1,68,11.5,36,0.028,0.0
KXHIGHCHI,2024-07-25,72.1,64.7,59.6,992.4,1,10.8,52,0.0,0.0
KXHIGHCHI,2024-07-26,77.4,61.2,59.1,990.9,1,9.0,88,0.0,0.0
KXHIGHCHI,2024-07-27,82.3,62.7,60.1,988.2,13,12.1,135,0.0,0.0
KXHIGHCHI,2024-07-28,83.0,68.3,67.2,984.7,84,12.6,175,0.409,0.0
KXHIGHCHI,2024-07-29,81.1,69.6,69.7,979.9,51,20.4,224,0.461,0.0
KXHIGHCHI,2024-07-30,84.9,68.4,71.5,980.0,29,8.3,220,0.0,0.0
KXHIGHCHI,2024-07-31,89.2,71.4,71.1,982.2,47,13.9,236,0.114,0.0
KXHIGHCHI,2024-08-01,85.6,72.6,71.1,982.9,84,9.2,216,0.413,0.0
KXHIGHCHI,2024-08-02,77.9,71.2,69.4,982.4,50,16.3,353,0.024,0.0
KXHIGHCHI,2024-08-03,82.8,69.3,69.0,983.2,7,10.2,24,0.0,0.0
KXHIGHCHI,2024-08-04,87.6,67.6,67.6,984.3,45,8.4,156,0.004,0.0
KXHIGHCHI,2024-08-05,85.2,70.5,69.7,984.8,68,17.0,330,0.177,0.0
KXHIGHCHI,2024-08-06,77.4,67.3,65.0,982.8,74,25.6,7,0.031,0.0
KXHIGHCHI,2024-08-07,74.9,64.0,60.2,984.5,24,15.5,47,0.0,0.0
KXHIGHCHI,2024-08-08,82.6,62.6,62.8,982.3,59,8.9,7,0.0,0.0
KXHIGHCHI,2024-08-09,76.6,62.2,51.3,984.5,32,16.2,304,0.0,0.0
KXHIGHCHI,2024-08-10,78.4,57.7,47.4,987.5,11,16.0,276,0.0,0.0
KXHIGHCHI,2024-08-11,81.2,61.1,49.3,987.9,43,13.3,286,0.0,0.0
KXHIGHCHI,2024-08-12,80.5,58.9,53.9,988.3,32,11.5,216,0.0,0.0
KXHIGHCHI,2024-08-13,81.3,62.2,57.7,989.0,4,7.0,46,0.0,0.0
KXHIGHCHI,2024-08-14,81.4,65.7,61.7,989.2,58,11.3,106,0.0,0.0
KXHIGHCHI,2024-08-15,73.7,67.9,65.4,984.0,100,16.5,153,0.547,0.0
KXHIGHCHI,2024-08-16,85.6,67.0,68.0,978.8,44,14.5,234,0.524,0.0
KXHIGHCHI,2024-08-17,79.0,68.1,66.4,978.2,53,11.0,291,0.799,0.0
KXHIGHCHI,2024-08-18,72.6,65.8,64.7,982.6,24,19.5,352,0.028,0.0
KXHIGHCHI,2024-08-19,70.3,62.6,59.0,988.5,16,17.5,13,0.0,0.0
KXHIGHCHI,2024-08-20,68.2,60.3,53.7,992.4,42,15.6,36,0.0,0.0
KXHIGHCHI,2024-08-21,70.8,56.3,54.6,993.6,35,8.9,52,0.0,0.0
KXHIGHCHI,2024-08-22,76.4,51.9,53.6,993.0,46,7.6,198,0.0,0.0
KXHIGHCHI,2024-08-23,81.0,57.0,55.3,992.0,46,9.5,189,0.0,0.0
KXHIGHCHI,2024-08-24,84.1,60.9,63.8,990.1,26,10.7,136,0.004,0.0
KXHIGHCHI,2024-08-25,92.1,71.9,64.7,990.0,11,15.0,200,0.0,0.0
KXHIGHCHI,2024-08-26,96.3,77.1,66.3,987.7,59,14.2,200,0.008,0.0
KXHIGHCHI,2024-08-27,97.2,76.7,71.7,985.2,68,15.6,215,0.012,0.0
KXHIGHCHI,2024-08-28,85.9,72.2,70.4,987.4,83,11.6,4,0.02,0.0
KXHIGHCHI,2024-08-29,79.9,69.3,67.8,989.6,16,10.5,66,0.0,0.0
KXHIGHCHI,2024-08-30,88.8,72.8,69.1,985.9,96,13.0,198,0.169,0.0
KXHIGHCHI,2024-08-31,82.5,64.8,59.4,986.2,8,9.5,277,0.0,0.0
KXHIGHCHI,2024-09-01,72.5,62.7,57.0,986.7,2,21.5,2,0.0,0.0
KXHIGHCHI,2024-09-02,71.1,59.5,50.9,994.4,1,8.9,70,0.0,0.0
KXHIGHCHI,2024-09-03,73.2,56.5,50.7,995.0,48,8.7,136,0.0,0.0
KXHIGHCHI,2024-09-04,79.4,57.8,54.6,993.3,0,9.7,134,0.0,0.0
KXHIGHCHI,2024-09-05,88.7,65.8,58.4,988.8,53,13.9,230,0.394,0.0
KXHIGHCHI,2024-09-06,69.1,58.4,56.1,988.5,31,20.6,4,0.031,0.0
KXHIGHCHI,2024-09-07,61.2,51.3,44.9,991.0,6,17.9,355,0.028,0.0
KXHIGHCHI,2024-09-08,73.7,48.8,44.8,989.7,37,11.3,255,0.0,0.0
KXHIGHCHI,2024-09-09,81.4,57.5,47.7,988.8,0,15.0,250,0.0,0.0
KXHIGHCHI,2024-09-10,82.8,55.8,47.1,988.3,15,10.6,208,0.0,0.0
KXHIGHCHI,2024-09-11,85.0,59.4,52.8,987.2,16,8.9,164,0.0,0.0
KXHIGHCHI,2024-09-12,81.8,62.2,61.3,987.1,38,12.8,79,0.0,0.0
KXHIGHCHI,2024-09-13,80.0,66.2,60.3,987.6,73,13.9,94,0.0,0.0
KXHIGHCHI,2024-09-14,82.8,67.2,62.1,988.7,37,12.1,101,0.0,0.0
KXHIGHCHI,2024-09-15,84.6,67.2,62.1,989.7,58,11.5,104,0.0,0.0
KXHIGHCHI,2024-09-16,84.1,65.1,56.8,989.9,32,9.4,111,0.0,0.0
KXHIGHCHI,2024-09-17,78.3,62.2,59.2,987.8,2,9.4,81,0.0,0.0
KXHIGHCHI,2024-09-18,80.6,60.5,57.5,984.6,37,13.6,111,0.0,0.0
KXHIGHCHI,2024-09-19,86.5,61.2,55.3,982.2,29,11.4,145,0.0,0.0
KXHIGHCHI,2024-09-20,88.7,69.3,63.9,979.3,34,13.2,204,0.201,0.0
KXHIGHCHI,2024-09-21,87.0,64.8,60.2,981.7,35,10.0,134,0.0,0.0
KXHIGHCHI,2024-09-22,74.8,66.1,63.4,980.5,99,17.7,271,0.929,0.0
KXHIGHCHI,2024-09-23,65.2,61.1,55.7,983.5,57,18.1,31,0.043,0.0
KXHIGHCHI,2024-09-24,67.2,62.2,61.1,977.7,99,13.3,22,0.878,0.0
KXHIGHCHI,2024-09-25,71.8,57.5,57.3,982.0,18,10.7,339,0.0,0.0
KXHIGHCHI,2024-09-26,71.0,55.9,58.0,985.3,41,11.5,35,0.0,0.0
KXHIGHCHI,2024-09-27,67.2,64.2,57.9,979.9,100,24.7,36,0.0,0.0
KXHIGHCHI,2024-09-28,66.2,62.5,59.2,979.4,100,21.0,21,0.13,0.0
KXHIGHCHI,2024-09-29,68.8,63.8,60.9,984.1,81,17.5,18,0.004,0.0
KXHIGHCHI,2024-09-30,72.7,62.6,63.2,984.3,11,10.3,72,0.0,0.0
KXHIGHCHI,2024-10-01,66.5,56.4,50.3,986.2,37,19.5,330,0.004,0.0
KXHIGHCHI,2024-10-02,68.3,48.7,42.1,986.0,21,11.5,239,0.0,0.0
KXHIGHCHI,2024-10-03,73.7,51.9,49.0,985.9,4,11.6,180,0.0,0.0
KXHIGHCHI,2024-10-04,67.8,58.9,54.0,992.3,40,16.3,37,0.047,0.0
KXHIGHCHI,2024-10-05,79.2,58.5,55.1,988.2,40,21.4,156,0.0,0.0
KXHIGHCHI,2024-10-06,73.3,57.4,45.4,983.1,8,21.0,276,0.0,0.0
KXHIGHCHI,2024-10-07,66.0,50.4,36.3,988.0,11,11.1,314,0.0,0.0
KXHIGHCHI,2024-10-08,72.2,48.8,40.2,985.7,3,11.9,289,0.0,0.0
KXHIGHCHI,2024-10-09,65.4,48.7,48.9,987.4,1,11.3,78,0.0,0.0
KXHIGHCHI,2024-10-10,67.1,53.3,46.4,990.6,0,9.8,106,0.0,0.0
KXHIGHCHI,2024-10-11,82.7,52.8,43.3,987.8,45,16.5,226,0.0,0.0
KXHIGHCHI,2024-10-12,67.6,57.6,53.2,984.4,71,17.7,54,0.709,0.0
KXHIGHCHI,2024-10-13,65.2,50.9,48.9,979.0,71,23.2,306,0.031,0.0
KXHIGHCHI,2024-10-14,53.5,44.7,40.8,986.6,77,23.2,338,0.106,0.0
KXHIGHCHI,2024-10-15,48.7,42.0,37.9,991.2,61,24.4,355,0.209,0.083
KXHIGHCHI,2024-10-16,53.7,38.4,34.9,996.4,13,14.8,316,0.0,0.0
KXHIGHCHI,2024-10-17,61.4,37.2,33.2,994.3,4,10.9,199,0.0,0.0
KXHIGHCHI,2024-10-18,65.1,42.5,37.6,997.7,0,12.8,188,0.0,0.0
KXHIGHCHI,2024-10-19,68.5,42.5,40.7,998.6,19,10.3,203,0.0,0.0
KXHIGHCHI,2024-10-20,75.3,50.2,41.5,994.4,1,13.2,224,0.0,0.0
KXHIGHCHI,2024-10-21,77.8,52.9,43.6,991.1,19,12.5,214,0.0,0.0
KXHIGHCHI,2024-10-22,72.9,53.1,45.1,985.0,66,17.7,191,0.008,0.0
KXHIGHCHI,2024-10-23,64.2,46.7,43.3,986.3,43,14.5,297,0.0,0.0
KXHIGHCHI,2024-10-24,62.6,39.7,37.6,988.4,31,12.8,189,0.0,0.0
KXHIGHCHI,2024-10-25,65.0,49.3,46.1,987.3,45,12.7,300,0.839,0.0
KXHIGHCHI,2024-10-26,53.9,44.5,36.0,998.4,31,12.3,351,0.0,0.0
KXHIGHCHI,2024-10-27,56.5,37.0,36.0,995.4,19,7.7,198,0.0,0.0
KXHIGHCHI,2024-10-28,64.0,42.7,39.5,987.9,93,16.7,169,0.0,0.0
KXHIGHCHI,2024-10-29,77.9,63.7,56.9,981.8,98,21.5,201,0.0,0.0
KXHIGHCHI,2024-10-30,76.6,66.2,56.3,984.2,92,21.9,203,0.0,0.0
KXHIGHCHI,2024-10-31,69.2,43.8,49.3,979.4,72,24.5,226,0.165,0.0
KXHIGHCHI,2024-11-01,50.6,39.4,36.2,992.5,10,16.3,280,0.0,0.0
KXHIGHCHI,2024-11-02,54.5,39.0,39.1,996.0,28,11.4,151,0.0,0.0
KXHIGHCHI,2024-11-03,62.7,47.3,45.2,987.5,99,19.4,143,0.043,0.0
KXHIGHCHI,2024-11-04,69.1,61.3,61.2,980.4,100,21.8,189,0.358,0.0
KXHIGHCHI,2024-11-05,68.1,59.2,60.7,975.8,90,23.7,196,1.272,0.0
KXHIGHCHI,2024-11-06,58.5,50.9,48.1,985.3,76,10.0,301,0.0,0.0
KXHIGHCHI,2024-11-07,56.0,42.8,41.6,993.9,16,9.8,302,0.0,0.0
KXHIGHCHI,2024-11-08,58.7,42.7,41.7,992.7,22,12.9,301,0.0,0.0
KXHIGHCHI,2024-11-09,54.3,46.4,43.8,991.2,86,13.8,116,0.024,0.0
KXHIGHCHI,2024-11-10,61.4,50.0,47.0,979.2,67,24.2,223,0.15,0.0
KXHIGHCHI,2024-11-11,56.0,44.2,40.3,982.6,35,19.2,296,0.0,0.0
KXHIGHCHI,2024-11-12,47.0,44.1,36.5,993.7,64,17.6,72,0.0,0.0
KXHIGHCHI,2024-11-13,50.3,40.9,39.0,987.7,100,12.0,132,0.276,0.0
KXHIGHCHI,2024-11-14,55.7,48.8,48.5,978.5,99,9.6,280,0.512,0.0
KXHIGHCHI,2024-11-15,52.5,44.6,44.0,987.7,78,6.4,288,0.008,0.0
KXHIGHCHI,2024-11-16,52.2,43.3,41.3,987.4,89,10.3,168,0.0,0.0
KXHIGHCHI,2024-11-17,58.6,46.0,46.6,981.8,93,9.9,202,0.106,0.0
KXHIGHCHI,2024-11-18,57.7,49.3,51.8,979.9,96,16.0,123,0.429,0.0
KXHIGHCHI,2024-11-19,62.3,48.9,50.5,971.2,58,17.1,200,0.087,0.0
KXHIGHCHI,2024-11-20,47.5,34.2,33.6,977.1,79,15.4,264,0.083,0.083
KXHIGHCHI,2024-11-21,40.8,31.2,29.9,974.1,95,20.8,295,0.37,2.15
KXHIGHCHI,2024-11-22,47.0,37.0,37.5,982.6,92,12.8,313,0.0,0.0
KXHIGHCHI,2024-11-23,43.7,37.1,35.7,984.8,99,9.0,263,0.0,0.0
KXHIGHCHI,2024-11-24,48.5,36.0,38.4,981.3,96,8.9,149,0.0,0.0
KXHIGHCHI,2024-11-25,51.9,38.7,42.9,979.3,99,12.4,286,0.02,0.0
KXHIGHCHI,2024-11-26,37.3,26.7,23.5,988.0,50,12.4,261,0.0,0.0
KXHIGHCHI,2024-11-27,41.5,34.2,31.0,981.6,100,6.5,133,0.0,0.0
KXHIGHCHI,2024-11-28,39.7,28.2,23.6,983.3,89,12.3,304,0.004,0.0
KXHIGHCHI,2024-11-29,27.9,21.1,9.8,987.5,76,13.8,280,0.0,0.0
KXHIGHCHI,2024-11-30,26.5,14.8,5.5,988.5,24,10.2,263,0.0,0.0
KXHIGHCHI,2024-12-01,26.1,13.9,4.7,990.9,6,9.8,285,0.0,0.0
KXHIGHCHI,2024-12-02,27.0,15.9,11.0,995.8,32,7.4,285,0.0,0.0
KXHIGHCHI,2024-12-03,29.7,18.4,14.6,996.9,53,13.1,238,0.0,0.0
KXHIGHCHI,2024-12-04,38.1,22.6,19.7,976.9,58,20.8,248,0.02,0.055
KXHIGHCHI,2024-12-05,29.1,12.0,2.1,990.9,16,17.9,297,0.0,0.0
KXHIGHCHI,2024-12-06,30.6,14.1,8.4,993.4,21,11.0,241,0.0,0.0
KXHIGHCHI,2024-12-07,44.4,23.5,19.0,983.0,87,15.2,223,0.0,0.0
KXHIGHCHI,2024-12-08,49.7,38.7,36.2,976.4,30,13.6,224,0.0,0.0
KXHIGHCHI,2024-12-09,47.8,42.4,39.8,975.0,84,11.6,235,0.004,0.0
KXHIGHCHI,2024-12-10,41.8,29.7,26.9,981.3,96,8.5,289,0.0,0.0
KXHIGHCHI,2024-12-11,32.8,16.7,15.8,981.4,83,16.8,271,0.028,0.193
KXHIGHCHI,2024-12-12,15.9,4.9,-7.1,995.1,51,16.1,272,0.0,0.0
KXHIGHCHI,2024-12-13,25.8,10.0,10.5,1004.2,67,10.0,46,0.0,0.0
KXHIGHCHI,2024-12-14,36.9,24.6,24.7,1000.1,100,14.3,120,0.28,0.0
KXHIGHCHI,2024-12-15,45.9,37.3,40.6,989.1,96,15.0,167,0.134,0.0
KXHIGHCHI,2024-12-16,52.2,37.8,41.6,982.1,76,13.4,224,0.055,0.0
KXHIGHCHI,2024-12-17,39.7,32.2,30.4,990.4,74,12.1,257,0.0,0.0
KXHIGHCHI,2024-12-18,34.1,26.4,26.2,993.3,93,9.1,318,0.024,0.165
KXHIGHCHI,2024-12-19,32.3,26.2,21.0,991.3,97,10.0,171,0.079,0.551
KXHIGHCHI,2024-12-20,33.9,23.7,26.6,988.8,93,17.3,346,0.094,0.606
KXHIGHCHI,2024-12-21,22.8,15.7,13.3,998.7,64,9.8,316,0.0,0.0
KXHIGHCHI,2024-12-22,31.7,14.6,17.5,995.5,70,12.6,176,0.0,0.0
KXHIGHCHI,2024-12-23,39.6,30.2,28.6,987.7,95,12.8,204,0.028,0.138
KXHIGHCHI,2024-12-24,36.8,32.5,30.0,994.2,92,8.2,6,0.0,0.0
KXHIGHCHI,2024-12-25,37.0,30.6,31.0,993.2,100,6.7,78,0.0,0.0
KXHIGHCHI,2024-12-26,46.7,36.5,39.9,989.9,95,9.1,153,0.039,0.0
KXHIGHCHI,2024-12-27,49.4,41.5,43.4,980.6,100,11.7,144,0.228,0.0
KXHIGHCHI,2024-12-28,49.8,43.2,43.8,980.7,100,15.0,221,0.043,0.0
KXHIGHCHI,2024-12-29,43.5,36.3,39.0,975.0,100,13.0,2,0.571,0.0
KXHIGHCHI,2024-12-30,42.3,32.5,34.3,976.1,78,8.6,244,0.0,0.0
KXHIGHCHI,2024-12-31,40.3,33.2,34.2,974.6,100,17.0,7,0.295,0.0
KXHIGHCHI,2025-01-01,33.3,26.7,21.2,986.4,92,13.8,277,0.004,0.028
KXHIGHCHI,2025-01-02,31.5,24.5,16.3,991.1,85,10.8,272,0.008,0.055
KXHIGHCHI,2025-01-03,26.5,19.5,9.5,991.6,28,12.9,297,0.0,0.0
KXHIGHCHI,2025-01-04,22.8,12.3,1.3,994.3,34,10.8,291,0.0,0.0
KXHIGHCHI,2025-01-05,27.9,15.8,5.8,990.9,97,12.6,357,0.016,0.083
KXHIGHCHI,2025-01-06,30.5,24.7,21.3,988.6,100,17.1,14,0.126,0.854
KXHIGHCHI,2025-01-07,24.6,16.6,9.1,997.2,66,8.9,310,0.0,0.0
KXHIGHCHI,2025-01-08,24.7,13.6,6.0,994.0,54,6.9,298,0.0,0.0
KXHIGHCHI,2025-01-09,25.2,11.0,7.4,990.6,22,10.2,203,0.0,0.0
KXHIGHCHI,2025-01-10,28.5,20.1,21.6,980.6,92,10.2,218,0.157,1.102
KXHIGHCHI,2025-01-11,30.5,21.2,21.5,977.3,62,8.9,252,0.0,0.0
KXHIGHCHI,2025-01-12,34.7,24.7,25.0,977.4,98,14.9,215,0.083,0.551
KXHIGHCHI,2025-01-13,23.6,9.1,5.0,987.1,10,12.6,262,0.0,0.0
KXHIGHCHI,2025-01-14,15.8,8.7,3.0,992.8,37,13.9,279,0.055,0.386
KXHIGHCHI,2025-01-15,16.9,3.7,2.0,995.2,36,13.0,233,0.004,0.028
KXHIGHCHI,2025-01-16,35.9,17.6,21.8,980.8,63,12.8,263,0.016,0.11
KXHIGHCHI,2025-01-17,41.1,23.5,26.1,975.6,44,18.1,201,0.0,0.0
KXHIGHCHI,2025-01-18,38.7,19.5,16.3,980.1,86,15.4,334,0.0,0.0
KXHIGHCHI,2025-01-19,17.4,2.9,-12.1,990.8,52,11.3,309,0.0,0.0
KXHIGHCHI,2025-01-20,10.9,-1.2,-14.6,998.0,11,14.4,269,0.0,0.0
KXHIGHCHI,2025-01-21,4.3,-5.9,-21.6,1000.1,17,11.6,259,0.0,0.0
KXHIGHCHI,2025-01-22,23.1,-0.8,-0.6,989.6,90,17.1,202,0.031,0.22
KXHIGHCHI,2025-01-23,24.4,8.9,10.1,989.4,47,12.0,287,0.035,0.248
KXHIGHCHI,2025-01-24,19.3,2.2,1.5,991.3,46,11.0,224,0.0,0.0
KXHIGHCHI,2025-01-25,37.1,20.0,17.6,987.0,70,13.8,238,0.0,0.0
KXHIGHCHI,2025-01-26,29.9,17.7,9.4,993.4,68,11.0,275,0.0,0.0
KXHIGHCHI,2025-01-27,39.5,18.8,11.1,981.3,38,15.8,241,0.0,0.0
KXHIGHCHI,2025-01-28,44.2,27.3,22.6,974.1,26,17.2,251,0.0,0.0
KXHIGHCHI,2025-01-29,43.5,32.9,26.4,979.2,32,13.9,284,0.0,0.0
KXHIGHCHI,2025-01-30,47.2,27.7,28.8,981.8,56,12.4,200,0.626,0.0
KXHIGHCHI,2025-01-31,39.7,33.9,34.6,977.4,75,16.5,25,1.213,0.0
KXHIGHCHI,2025-02-01,33.5,28.2,22.4,993.1,99,12.7,70,0.0,0.0
KXHIGHCHI,2025-02-02,47.8,30.8,32.8,983.7,92,11.0,182,0.02,0.11
KXHIGHCHI,2025-02-03,45.0,34.2,36.0,981.2,100,13.4,341,0.0,0.0
KXHIGHCHI,2025-02-04,33.7,23.5,19.7,996.4,67,13.0,4,0.0,0.0
KXHIGHCHI,2025-02-05,31.6,25.2,19.6,992.0,100,10.7,85,0.035,0.055
KXHIGHCHI,2025-02-06,36.8,29.8,23.8,980.2,71,16.6,260,0.043,0.083
KXHIGHCHI,2025-02-07,30.7,18.0,7.7,992.4,76,13.2,300,0.0,0.0
KXHIGHCHI,2025-02-08,32.4,27.4,22.6,984.4,95,9.5,70,0.016,0.11
KXHIGHCHI,2025-02-09,30.5,23.9,16.9,993.8,63,9.8,299,0.0,0.0
KXHIGHCHI,2025-02-10,32.2,16.4,9.4,998.8,40,6.7,257,0.0,0.0
KXHIGHCHI,2025-02-11,26.9,24.0,17.9,993.5,100,12.0,21,0.016,0.11
KXHIGHCHI,2025-02-12,27.3,24.7,21.7,983.4,100,15.0,58,0.35,2.425
KXHIGHCHI,2025-02-13,26.9,5.6,9.9,990.1,54,12.7,282,0.035,0.22
KXHIGHCHI,2025-02-14,25.2,-0.7,5.2,999.9,74,11.9,169,0.193,1.35
KXHIGHCHI,2025-02-15,31.7,26.0,25.9,981.6,100,12.7,38,0.0,0.0
KXHIGHCHI,2025-02-16,29.7,11.2,18.6,979.4,83,15.3,317,0.031,0.22
KXHIGHCHI,2025-02-17,9.4,0.8,-4.3,993.2,52,12.6,278,0.0,0.0
KXHIGHCHI,2025-02-18,6.3,-7.4,-9.3,1000.5,57,10.5,300,0.0,0.0
KXHIGHCHI,2025-02-19,11.6,2.8,-2.0,999.7,100,8.7,299,0.004,0.028
KXHIGHCHI,2025-02-20,18.1,2.8,3.9,998.0,24,9.2,284,0.0,0.0
KXHIGHCHI,2025-02-21,23.7,9.4,9.1,1001.6,0,9.2,252,0.0,0.0
KXHIGHCHI,2025-02-22,30.0,14.0,12.7,992.1,21,10.4,230,0.0,0.0
KXHIGHCHI,2025-02-23,40.9,22.3,22.7,985.2,70,10.7,212,0.0,0.0
KXHIGHCHI,2025-02-24,52.6,36.9,34.8,975.7,100,15.2,226,0.012,0.0
KXHIGHCHI,2025-02-25,51.1,35.4,37.3,977.6,25,7.7,251,0.083,0.0
KXHIGHCHI,2025-02-26,46.5,34.4,35.3,977.6,94,10.1,106,0.051,0.0
KXHIGHCHI,2025-02-27,47.6,34.0,32.6,979.0,37,15.4,288,0.043,0.0
KXHIGHCHI,2025-02-28,55.8,33.4,30.2,971.6,77,18.2,250,0.0,0.0
KXHIGHCHI,2025-03-01,35.4,23.5,11.5,985.5,47,14.6,345,0.0,0.0
KXHIGHCHI,2025-03-02,33.2,17.9,12.5,991.6,23,4.0,208,0.0,0.0
KXHIGHCHI,2025-03-03,45.9,29.3,22.7,985.2,87,12.0,183,0.0,0.0
KXHIGHCHI,2025-03-04,52.1,41.4,37.4,972.6,100,15.4,172,0.429,0.0
KXHIGHCHI,2025-03-05,51.3,30.0,38.5,956.3,99,16.1,246,0.457,0.358
KXHIGHCHI,2025-03-06,39.5,27.5,20.3,978.2,45,15.8,296,0.0,0.0
KXHIGHCHI,2025-03-07,35.3,32.3,29.7,979.6,100,6.3,228,0.154,0.717
KXHIGHCHI,2025-03-08,48.5,29.3,28.4,983.8,20,11.3,271,0.0,0.0
KXHIGHCHI,2025-03-09,55.7,32.8,31.7,982.7,14,10.4,242,0.0,0.0
KXHIGHCHI,2025-03-10,63.8,38.8,36.2,976.5,6,14.2,224,0.0,0.0
KXHIGHCHI,2025-03-11,54.7,33.3,32.6,976.6,79,15.2,347,0.0,0.0
KXHIGHCHI,2025-03-12,43.8,34.1,27.7,978.6,10,9.7,71,0.0,0.0
KXHIGHCHI,2025-03-13,49.3,33.5,33.7,979.7,15,9.5,65,0.0,0.0
KXHIGHCHI,2025-03-14,73.9,47.3,44.9,971.0,68,17.1,159,0.008,0.0
KXHIGHCHI,2025-03-15,67.4,44.1,47.0,961.5,73,20.4,208,0.402,0.0
KXHIGHCHI,2025-03-16,42.1,30.2,30.7,973.1,82,10.2,311,0.528,1.709
KXHIGHCHI,2025-03-17,50.4,25.8,27.1,985.7,28,14.7,189,0.008,0.028
KXHIGHCHI,2025-03-18,67.3,45.2,41.4,976.0,78,14.5,190,0.0,0.0
KXHIGHCHI,2025-03-19,55.0,36.8,40.6,968.0,92,16.7,5,0.555,0.0
KXHIGHCHI,2025-03-20,40.9,32.6,28.0,978.0,52,19.6,335,0.232,1.406
KXHIGHCHI,2025-03-21,56.2,30.1,29.9,977.3,66,16.0,208,0.008,0.0
KXHIGHCHI,2025-03-22,45.4,33.5,29.7,982.4,64,12.6,346,0.008,0.055
KXHIGHCHI,2025-03-23,48.4,34.9,33.2,978.0,99,17.9,178,0.291,0.0
KXHIGHCHI,2025-03-24,47.0,33.6,26.0,977.3,60,16.9,275,0.0,0.0
KXHIGHCHI,2025-03-25,44.3,32.4,29.9,985.1,52,6.7,5,0.024,0.028
KXHIGHCHI,2025-03-26,43.5,30.6,31.7,991.0,49,6.0,102,0.063,0.386
KXHIGHCHI,2025-03-27,55.3,39.4,37.1,989.6,89,7.8,190,0.0,0.0
KXHIGHCHI,2025-03-28,75.6,44.4,49.5,980.0,55,17.9,203,0.264,0.0
KXHIGHCHI,2025-03-29,68.5,52.8,55.1,978.7,63,18.0,214,0.028,0.0
KXHIGHCHI,2025-03-30,71.5,45.8,55.5,972.1,94,14.8,209,0.213,0.0
KXHIGHCHI,2025-03-31,44.2,35.1,32.2,981.0,65,11.3,344,0.035,0.0
KXHIGHCHI,2025-04-01,43.2,33.1,27.9,987.7,76,15.8,85,0.0,0.0
KXHIGHCHI,2025-04-02,69.3,41.3,47.4,971.2,99,17.9,155,0.823,0.0
KXHIGHCHI,2025-04-03,60.1,42.4,39.5,981.9,71,14.3,255,0.004,0.0
KXHIGHCHI,2025-04-04,45.2,39.9,38.6,991.1,92,10.4,50,0.114,0.0
KXHIGHCHI,2025-04-05,51.2,40.2,39.3,986.2,100,12.5,13,0.217,0.0
KXHIGHCHI,2025-04-06,43.1,37.1,29.1,987.2,73,10.7,32,0.0,0.0
KXHIGHCHI,2025-04-07,42.4,31.7,25.6,982.2,53,17.0,356,0.028,0.083
KXHIGHCHI,2025-04-08,38.5,27.8,20.3,989.4,29,11.0,25,0.0,0.0
KXHIGHCHI,2025-04-09,45.9,32.3,29.8,986.5,90,11.6,143,0.087,0.0
KXHIGHCHI,2025-04-10,41.9,35.9,35.4,986.9,74,10.8,34,0.0,0.0
KXHIGHCHI,2025-04-11,46.3,36.2,32.6,991.8,15,8.7,15,0.0,0.0
KXHIGHCHI,2025-04-12,54.1,33.3,32.0,989.2,28,8.7,143,0.012,0.0
KXHIGHCHI,2025-04-13,61.9,45.7,37.2,980.3,98,13.2,161,0.028,0.0
KXHIGHCHI,2025-04-14,64.4,51.1,38.1,975.3,54,16.9,266,0.0,0.0
KXHIGHCHI,2025-04-15,51.2,39.9,31.2,981.5,66,17.5,297,0.047,0.0
KXHIGHCHI,2025-04-16,45.0,36.5,28.5,988.3,32,9.8,45,0.0,0.0
KXHIGHCHI,2025-04-17,68.3,39.7,34.5,983.4,73,15.3,158,0.024,0.0
KXHIGHCHI,2025-04-18,80.7,57.2,54.4,974.6,84,16.7,209,0.028,0.0
KXHIGHCHI,2025-04-19,64.2,44.2,47.1,986.1,98,13.5,93,0.031,0.0
KXHIGHCHI,2025-04-20,57.7,46.1,44.1,989.6,97,16.4,101,0.079,0.0
KXHIGHCHI,2025-04-21,61.1,47.8,46.4,979.0,64,19.6,236,0.469,0.0
KXHIGHCHI,2025-04-22,69.2,42.7,47.9,986.7,52,7.7,183,0.272,0.0
KXHIGHCHI,2025-04-23,69.5,54.2,53.6,988.6,75,7.5,160,0.276,0.0
KXHIGHCHI,2025-04-24,64.6,45.9,49.2,988.2,55,8.0,16,0.0,0.0
KXHIGHCHI,2025-04-25,55.2,46.4,44.1,985.1,87,16.0,359,0.004,0.0
KXHIGHCHI,2025-04-26,48.7,42.0,38.6,993.1,46,15.6,4,0.0,0.0
KXHIGHCHI,2025-04-27,61.6,39.7,41.5,992.9,11,8.6,104,0.0,0.0
KXHIGHCHI,2025-04-28,81.8,51.4,48.3,984.8,55,17.6,179,0.0,0.0
KXHIGHCHI,2025-04-29,75.4,49.3,51.3,981.8,73,17.5,243,0.0,0.0
KXHIGHCHI,2025-04-30,58.4,45.3,43.1,987.2,83,8.4,82,0.008,0.0
KXHIGHCHI,2025-05-01,70.5,51.3,55.1,975.0,91,14.1,202,0.705,0.0
KXHIGHCHI,2025-05-02,56.8,45.1,46.5,979.7,82,7.5,36,0.035,0.0
KXHIGHCHI,2025-05-03,47.8,43.5,41.2,983.6,48,13.7,10,0.0,0.0
KXHIGHCHI,2025-05-04,50.1,43.4,41.4,983.3,100,14.0,4,0.224,0.0
KXHIGHCHI,2025-05-05,56.8,45.3,47.1,984.2,72,10.4,28,0.059,0.0
KXHIGHCHI,2025-05-06,72.4,47.1,49.9,984.7,49,9.7,300,0.0,0.0
KXHIGHCHI,2025-05-07,64.7,46.4,47.3,986.8,87,10.7,15,0.0,0.0
KXHIGHCHI,2025-05-08,53.4,44.1,41.1,989.9,38,13.8,20,0.0,0.0
KXHIGHCHI,2025-05-09,58.8,42.3,28.7,991.6,11,6.3,42,0.0,0.0
KXHIGHCHI,2025-05-10,71.5,48.2,33.3,991.7,1,12.6,340,0.0,0.0
KXHIGHCHI,2025-05-11,64.5,45.2,40.9,993.1,0,9.1,36,0.0,0.0
KXHIGHCHI,2025-05-12,71.2,53.5,45.4,985.3,74,8.6,81,0.043,0.0
KXHIGHCHI,2025-05-13,72.5,55.2,57.6,979.2,87,7.7,82,0.0,0.0
KXHIGHCHI,2025-05-14,69.8,53.5,55.8,976.5,91,6.7,51,0.0,0.0
KXHIGHCHI,2025-05-15,90.1,57.4,61.3,971.4,51,13.0,168,0.126,0.0
KXHIGHCHI,2025-05-16,85.1,64.1,46.3,969.4,24,20.9,209,0.024,0.0
KXHIGHCHI,2025-05-17,66.6,54.4,44.1,972.7,86,17.1,271,0.004,0.0
KXHIGHCHI,2025-05-18,58.5,46.8,45.4,983.4,42,8.2,19,0.0,0.0
KXHIGHCHI,2025-05-19,54.1,43.7,41.7,986.2,93,14.4,34,0.0,0.0
KXHIGHCHI,2025-05-20,56.8,48.7,48.7,976.8,100,17.5,96,0.874,0.0
KXHIGHCHI,2025-05-21,53.8,48.8,48.1,975.4,100,8.9,353,0.157,0.0
KXHIGHCHI,2025-05-22,52.7,47.5,43.7,983.0,80,9.8,345,0.035,0.0
KXHIGHCHI,2025-05-23,57.4,44.0,43.1,987.1,30,9.4,65,0.0,0.0
KXHIGHCHI,2025-05-24,57.0,45.3,43.6,991.5,46,7.6,71,0.0,0.0
KXHIGHCHI,2025-05-25,58.7,50.5,43.9,994.1,64,6.4,55,0.016,0.0
KXHIGHCHI,2025-05-26,60.1,47.6,43.3,994.2,73,7.7,20,0.0,0.0
KXHIGHCHI,2025-05-27,61.0,51.0,45.5,990.0,97,9.1,24,0.004,0.0
KXHIGHCHI,2025-05-28,59.0,50.5,50.1,986.5,79,7.1,13,0.386,0.0
KXHIGHCHI,2025-05-29,68.5,49.9,52.1,985.6,76,5.8,254,0.008,0.0
KXHIGHCHI,2025-05-30,78.0,53.2,50.1,978.6,37,12.7,303,0.106,0.0
KXHIGHCHI,2025-05-31,63.8,49.8,39.7,979.1,1,10.1,11,0.0,0.0
KXHIGHCHI,2025-06-01,61.4,47.2,37.0,982.4,2,7.0,70,0.0,0.0
KXHIGHCHI,2025-06-02,85.6,51.1,40.6,983.9,17,10.5,184,0.0,0.0
KXHIGHCHI,2025-06-03,89.2,67.9,56.9,980.7,74,20.2,197,0.035,0.0
KXHIGHCHI,2025-06-04,74.8,55.6,58.1,984.0,100,13.6,355,1.252,0.0
KXHIGHCHI,2025-06-05,64.5,51.3,54.7,986.5,81,8.3,19,0.0,0.0
KXHIGHCHI,2025-06-06,68.1,55.8,53.9,983.9,57,7.1,14,0.0,0.0
KXHIGHCHI,2025-06-07,68.9,54.8,54.7,980.9,69,7.9,29,0.012,0.0
KXHIGHCHI,2025-06-08,78.6,57.2,58.0,976.1,51,13.5,240,0.138,0.0
KXHIGHCHI,2025-06-09,71.8,56.1,51.7,975.0,17,12.8,249,0.35,0.0
KXHIGHCHI,2025-06-10,78.5,55.8,50.6,981.0,21,12.3,257,0.0,0.0
KXHIGHCHI,2025-06-11,91.6,62.9,55.9,985.2,43,13.3,227,0.0,0.0
KXHIGHCHI,2025-06-12,77.4,60.5,58.2,986.5,95,7.7,12,0.008,0.0
KXHIGHCHI,2025-06-13,71.3,59.7,61.3,985.0,100,8.0,60,0.098,0.0
KXHIGHCHI,2025-06-14,68.4,58.8,58.5,985.9,42,7.7,35,0.0,0.0
KXHIGHCHI,2025-06-15,74.9,58.0,58.5,987.7,78,6.6,34,0.0,0.0
KXHIGHCHI,2025-06-16,82.4,60.8,59.0,984.2,54,8.3,100,0.0,0.0
KXHIGHCHI,2025-06-17,92.3,70.0,65.7,979.0,50,11.1,221,0.106,0.0
KXHIGHCHI,2025-06-18,76.5,65.4,68.0,977.0,98,7.4,218,1.618,0.0
KXHIGHCHI,2025-06-19,78.3,65.7,64.8,981.0,57,9.9,278,0.366,0.0
KXHIGHCHI,2025-06-20,81.1,66.7,64.8,983.2,48,12.2,207,0.0,0.0
KXHIGHCHI,2025-06-21,91.7,74.2,71.6,980.8,22,16.1,208,0.0,0.0
KXHIGHCHI,2025-06-22,93.7,78.3,72.4,985.0,4,14.0,211,0.0,0.0
KXHIGHCHI,2025-06-23,96.1,78.6,69.3,987.8,11,14.6,216,0.0,0.0
KXHIGHCHI,2025-06-24,95.4,72.6,72.0,990.0,78,8.5,211,0.386,0.0
KXHIGHCHI,2025-06-25,78.7,69.6,70.4,989.3,67,7.9,62,0.11,0.0
KXHIGHCHI,2025-06-26,87.2,75.7,72.7,984.5,43,8.5,201,0.295,0.0
KXHIGHCHI,2025-06-27,84.7,74.4,70.8,982.4,48,12.6,233,0.079,0.0
KXHIGHCHI,2025-06-28,77.8,68.4,67.1,985.9,11,5.9,84,0.0,0.0
KXHIGHCHI,2025-06-29,87.6,71.2,70.5,983.9,24,6.4,152,0.0,0.0
KXHIGHCHI,2025-06-30,87.4,71.8,69.1,980.9,60,6.6,262,0.028,0.0
KXHIGHCHI,2025-07-01,81.4,69.0,63.6,983.1,12,7.6,342,0.0,0.0
KXHIGHCHI,2025-07-02,90.1,69.8,59.1,984.3,37,7.7,257,0.0,0.0
KXHIGHCHI,2025-07-03,89.2,72.5,62.7,985.1,12,7.7,214,0.0,0.0
KXHIGHCHI,2025-07-04,87.0,72.1,67.8,987.3,62,5.7,216,0.496,0.0
KXHIGHCHI,2025-07-05,92.9,75.4,64.4,984.9,30,13.4,207,0.0,0.0
KXHIGHCHI,2025-07-06,83.8,67.4,68.2,981.2,67,11.0,275,0.24,0.0
KXHIGHCHI,2025-07-07,72.4,66.3,62.9,985.9,55,9.3,13,0.004,0.0
KXHIGHCHI,2025-07-08,88.1,67.3,64.5,986.8,78,6.6,219,0.063,0.0
KXHIGHCHI,2025-07-09,78.9,68.5,68.5,985.3,42,8.3,6,0.299,0.0
KXHIGHCHI,2025-07-10,78.7,66.8,65.8,984.0,71,7.1,60,0.083,0.0
KXHIGHCHI,2025-07-11,87.8,70.2,70.1,981.6,98,12.2,196,0.787,0.0
KXHIGHCHI,2025-07-12,82.8,72.1,69.0,981.0,47,9.9,232,0.008,0.0
KXHIGHCHI,2025-07-13,80.8,68.9,65.0,985.1,78,5.9,273,0.0,0.0
KXHIGHCHI,2025-07-14,83.5,65.0,64.6,986.7,24,4.5,138,0.0,0.0
KXHIGHCHI,2025-07-15,87.1,70.3,67.2,985.6,14,7.0,147,0.024,0.0
KXHIGHCHI,2025-07-16,92.0,73.8,70.5,980.3,40,12.6,221,0.11,0.0
KXHIGHCHI,2025-07-17,73.9,63.3,61.2,985.4,79,11.6,4,0.016,0.0
KXHIGHCHI,2025-07-18,75.8,62.1,61.9,988.3,30,6.9,62,0.0,0.0
KXHIGHCHI,2025-07-19,83.4,70.7,69.1,983.4,78,11.0,209,0.126,0.0
KXHIGHCHI,2025-07-20,74.8,68.2,67.2,984.2,80,9.3,18,0.272,0.0
KXHIGHCHI,2025-07-21,76.9,68.2,65.7,986.5,74,8.3,57,0.0,0.0
KXHIGHCHI,2025-07-22,84.1,68.7,64.8,987.4,59,9.7,130,0.0,0.0
KXHIGHCHI,2025-07-23,92.7,71.1,69.4,986.5,35,11.0,185,0.0,0.0
KXHIGHCHI,2025-07-24,95.0,76.8,73.0,985.1,55,12.3,229,0.059,0.0
KXHIGHCHI,2025-07-25,81.1,72.9,72.8,985.9,92,7.4,49,0.169,0.0
KXHIGHCHI,2025-07-26,83.6,72.6,72.9,984.7,99,8.0,206,0.154,0.0
KXHIGHCHI,2025-07-27,84.2,72.7,74.6,986.1,28,6.5,155,0.016,0.0
KXHIGHCHI,2025-07-28,85.1,75.1,75.4,987.1,31,6.2,175,0.059,0.0
KXHIGHCHI,2025-07-29,89.9,71.6,71.6,988.3,71,7.3,181,0.0,0.0
KXHIGHCHI,2025-07-30,76.9,67.1,69.9,987.8,100,12.8,39,0.748,0.0
KXHIGHCHI,2025-07-31,69.5,65.8,61.4,991.0,38,14.0,26,0.303,0.0
KXHIGHCHI,2025-08-01,71.6,64.8,58.6,995.9,32,10.2,34,0.0,0.0
KXHIGHCHI,2025-08-02,74.5,63.8,58.6,995.6,51,6.2,40,0.0,0.0
KXHIGHCHI,2025-08-03,74.6,62.1,60.7,991.0,13,7.5,64,0.0,0.0
KXHIGHCHI,2025-08-04,75.8,67.6,63.8,989.9,88,7.8,77,0.008,0.0
KXHIGHCHI,2025-08-05,77.0,69.2,65.8,992.5,3,7.3,59,0.0,0.0
KXHIGHCHI,2025-08-06,83.2,67.1,66.5,992.5,28,9.1,100,0.0,0.0
KXHIGHCHI,2025-08-07,86.6,70.8,68.9,989.6,71,6.4,168,0.059,0.0
KXHIGHCHI,2025-08-08,91.8,73.3,69.7,986.6,30,10.7,182,0.0,0.0
KXHIGHCHI,2025-08-09,92.5,75.3,68.1,985.7,30,13.0,189,0.0,0.0
KXHIGHCHI,2025-08-10,90.4,76.0,68.8,986.5,83,11.6,197,0.02,0.0
KXHIGHCHI,2025-08-11,89.0,72.7,68.5,985.7,80,10.9,217,0.343,0.0
KXHIGHCHI,2025-08-12,84.9,70.5,71.2,983.6,94,6.5,212,0.402,0.0
KXHIGHCHI,2025-08-13,79.7,71.0,67.6,983.5,16,7.1,5,0.0,0.0
KXHIGHCHI,2025-08-14,79.2,67.5,64.1,986.3,1,6.7,42,0.0,0.0
KXHIGHCHI,2025-08-15,90.5,68.6,65.7,987.8,34,6.9,145,0.0,0.0
KXHIGHCHI,2025-08-16,92.8,76.3,69.9,986.7,76,10.4,196,0.0,0.0
KXHIGHCHI,2025-08-17,78.9,71.2,70.2,986.9,72,9.0,19,0.012,0.0
KXHIGHCHI,2025-08-18,84.2,71.1,71.4,986.5,87,8.8,152,0.276,0.0
KXHIGHCHI,2025-08-19,75.7,71.2,69.7,985.2,90,13.1,352,0.343,0.0
KXHIGHCHI,2025-08-20,72.0,68.8,65.3,987.4,26,10.8,18,0.016,0.0
KXHIGHCHI,2025-08-21,72.8,67.6,64.2,987.9,27,9.4,38,0.02,0.0
KXHIGHCHI,2025-08-22,78.1,64.2,64.6,987.0,70,5.7,147,0.0,0.0
KXHIGHCHI,2025-08-23,81.9,67.5,61.3,982.8,44,11.9,272,0.024,0.0
KXHIGHCHI,2025-08-24,74.2,60.3,52.8,983.7,14,11.8,294,0.0,0.0
KXHIGHCHI,2025-08-25,70.0,56.5,48.3,987.0,36,9.3,310,0.0,0.0
KXHIGHCHI,2025-08-26,71.5,56.0,47.8,991.0,28,7.8,315,0.004,0.0
KXHIGHCHI,2025-08-27,76.2,56.8,50.6,991.1,31,10.3,239,0.0,0.0
KXHIGHCHI,2025-08-28,73.8,60.9,59.1,988.4,48,9.1,322,0.118,0.0
KXHIGHCHI,2025-08-29,65.8,59.2,53.7,990.2,53,7.9,53,0.024,0.0
KXHIGHCHI,2025-08-30,70.6,61.0,56.1,990.2,52,5.7,66,0.008,0.0
KXHIGHCHI,2025-08-31,72.8,59.0,55.4,992.9,1,7.5,58,0.0,0.0
KXHIGHCHI,2025-09-01,73.7,60.9,56.4,992.1,0,6.0,63,0.0,0.0
KXHIGHCHI,2025-09-02,76.1,61.6,59.6,987.1,13,6.5,70,0.004,0.0
KXHIGHCHI,2025-09-03,68.6,59.9,57.3,978.5,84,11.6,256,0.539,0.0
KXHIGHCHI,2025-09-04,65.7,51.3,45.0,977.7,37,10.0,272,0.0,0.0
KXHIGHCHI,2025-09-05,65.6,56.5,46.3,977.8,61,14.2,260,0.0,0.0
KXHIGHCHI,2025-09-06,64.8,50.7,43.2,985.6,40,11.4,271,0.0,0.0
KXHIGHCHI,2025-09-07,66.2,49.8,45.3,991.0,16,6.1,302,0.0,0.0
KXHIGHCHI,2025-09-08,69.8,51.2,45.9,993.5,0,5.7,171,0.0,0.0
KXHIGHCHI,2025-09-09,74.1,53.9,47.8,989.7,76,6.2,172,0.0,0.0
KXHIGHCHI,2025-09-10,79.7,60.3,53.5,989.1,33,6.3,124,0.0,0.0
KXHIGHCHI,2025-09-11,73.9,63.2,60.8,991.5,3,7.6,44,0.0,0.0
KXHIGHCHI,2025-09-12,82.5,61.7,57.8,990.7,43,8.3,110,0.0,0.0
KXHIGHCHI,2025-09-13,79.2,64.4,61.2,985.9,65,8.9,153,0.295,0.0
KXHIGHCHI,2025-09-14,76.9,65.3,64.3,986.4,0,7.8,80,0.0,0.0
KXHIGHCHI,2025-09-15,75.7,64.6,60.2,990.5,0,7.5,83,0.0,0.0
KXHIGHCHI,2025-09-16,77.7,63.3,59.6,991.2,20,6.5,80,0.0,0.0
KXHIGHCHI,2025-09-17,77.7,63.0,61.1,988.1,20,5.6,59,0.0,0.0
KXHIGHCHI,2025-09-18,81.8,62.6,59.8,986.6,24,7.5,88,0.0,0.0
KXHIGHCHI,2025-09-19,82.9,65.6,60.2,986.1,51,7.8,90,0.0,0.0
KXHIGHCHI,2025-09-20,78.3,66.4,64.0,986.5,78,7.8,136,0.217,0.0
KXHIGHCHI,2025-09-21,77.5,66.6,65.5,982.9,94,8.7,195,0.177,0.0
KXHIGHCHI,2025-09-22,76.3,65.5,64.8,980.9,73,8.6,204,0.016,0.0
KXHIGHCHI,2025-09-23,74.1,63.4,63.6,982.8,83,10.9,260,0.244,0.0
KXHIGHCHI,2025-09-24,67.1,62.2,60.4,985.0,59,11.9,11,0.008,0.0
KXHIGHCHI,2025-09-25,68.5,59.7,59.3,982.8,28,8.8,357,0.016,0.0
KXHIGHCHI,2025-09-26,78.7,57.7,56.8,981.7,0,6.8,212,0.0,0.0
KXHIGHCHI,2025-09-27,85.5,63.2,53.9,982.7,6,8.3,234,0.0,0.0
KXHIGHCHI,2025-09-28,73.5,66.6,59.7,989.3,0,6.4,32,0.0,0.0
KXHIGHCHI,2025-09-29,79.3,63.0,61.3,991.5,0,6.6,90,0.0,0.0
KXHIGHCHI,2025-09-30,76.6,65.5,61.7,990.8,25,9.0,34,0.0,0.0
KXHIGHCHI,2025-10-01,72.3,62.2,56.7,991.4,100,10.5,83,0.0,0.0
KXHIGHCHI,2025-10-02,77.7,58.7,53.2,992.5,74,8.7,127,0.0,0.0
KXHIGHCHI,2025-10-03,86.8,63.3,57.0,990.8,6,7.3,175,0.0,0.0
KXHIGHCHI,2025-10-04,85.5,65.7,57.7,988.4,5,9.7,205,0.0,0.0
KXHIGHCHI,2025-10-05,84.0,64.0,52.5,987.6,22,11.7,192,0.0,0.0
KXHIGHCHI,2025-10-06,82.9,65.6,59.8,987.0,43,10.9,205,0.244,0.0
KXHIGHCHI,2025-10-07,66.5,56.5,56.7,987.6,67,11.6,14,0.571,0.0
KXHIGHCHI,2025-10-08,61.2,54.4,47.9,996.2,30,9.2,34,0.004,0.0
KXHIGHCHI,2025-10-09,60.3,48.0,44.8,998.5,1,6.2,114,0.0,0.0
KXHIGHCHI,2025-10-10,67.3,48.0,46.9,990.5,65,8.9,207,0.0,0.0
KXHIGHCHI,2025-10-11,63.0,56.8,50.1,989.1,31,9.8,48,0.004,0.0
KXHIGHCHI,2025-10-12,64.4,50.8,49.4,985.1,16,8.6,112,0.0,0.0
KXHIGHCHI,2025-10-13,66.6,54.0,50.8,987.3,86,5.9,140,0.0,0.0
KXHIGHCHI,2025-10-14,66.7,58.5,56.5,994.0,80,9.5,10,0.0,0.0
KXHIGHCHI,2025-10-15,59.8,56.2,53.0,992.7,92,9.2,54,0.165,0.0
KXHIGHCHI,2025-10-16,64.2,54.9,49.7,990.0,34,7.9,113,0.0,0.0
KXHIGHCHI,2025-10-17,73.3,55.0,47.6,981.9,80,11.4,182,0.0,0.0
KXHIGHCHI,2025-10-18,74.1,61.4,59.2,974.2,90,11.7,208,0.457,0.0
KXHIGHCHI,2025-10-19,61.3,49.2,46.2,974.0,68,18.4,295,0.634,0.0
KXHIGHCHI,2025-10-20,63.1,42.1,40.3,980.6,16,13.4,196,0.008,0.0
KXHIGHCHI,2025-10-21,55.0,46.4,41.9,975.4,51,17.8,256,0.094,0.0
KXHIGHCHI,2025-10-22,49.7,45.3,38.3,979.1,92,16.6,279,0.004,0.0
KXHIGHCHI,2025-10-23,51.2,39.7,35.8,987.0,19,10.2,293,0.0,0.0
KXHIGHCHI,2025-10-24,49.3,36.6,35.1,993.4,7,5.7,318,0.0,0.0
KXHIGHCHI,2025-10-25,52.6,37.8,39.5,996.1,54,6.2,114,0.0,0.0
KXHIGHCHI,2025-10-26,55.0,46.8,42.2,995.7,1,10.3,102,0.0,0.0
KXHIGHCHI,2025-10-27,54.6,46.0,41.8,991.6,16,12.1,88,0.0,0.0
KXHIGHCHI,2025-10-28,55.8,46.9,41.5,987.7,71,13.4,93,0.0,0.0
KXHIGHCHI,2025-10-29,53.2,47.9,42.1,985.3,48,15.9,55,0.0,0.0
KXHIGHCHI,2025-10-30,52.6,44.3,40.4,980.6,12,10.6,3,0.0,0.0
KXHIGHCHI,2025-10-31,52.5,41.3,38.4,979.9,64,9.7,273,0.031,0.0
KXHIGHCHI,2025-11-01,49.4,39.7,37.7,985.7,64,6.7,272,0.008,0.0
KXHIGHCHI,2025-11-02,52.0,41.5,37.9,989.7,56,11.3,225,0.071,0.0
KXHIGHCHI,2025-11-03,58.5,41.5,34.9,988.7,24,12.2,253,0.031,0.0
KXHIGHCHI,2025-11-04,59.7,39.4,33.2,989.7,51,10.9,201,0.0,0.0
KXHIGHCHI,2025-11-05,59.4,46.3,41.0,983.6,34,12.1,272,0.0,0.0
KXHIGHCHI,2025-11-06,56.7,34.5,29.9,987.8,66,13.5,188,0.0,0.0
KXHIGHCHI,2025-11-07,62.0,48.4,42.8,971.1,55,14.8,238,0.213,0.0
KXHIGHCHI,2025-11-08,49.5,39.8,39.9,978.7,100,11.4,50,0.394,0.0
KXHIGHCHI,2025-11-09,40.8,28.0,27.0,985.2,100,18.6,334,0.441,1.323
KXHIGHCHI,2025-11-10,33.1,26.7,22.8,990.2,57,20.6,325,0.193,1.35
KXHIGHCHI,2025-11-11,37.8,24.5,24.6,981.1,78,15.0,221,0.0,0.0
KXHIGHCHI,2025-11-12,51.9,37.6,31.8,981.0,40,11.4,269,0.0,0.0
KXHIGHCHI,2025-11-13,51.6,35.4,32.6,989.0,54,9.1,247,0.0,0.0
KXHIGHCHI,2025-11-14,63.0,41.4,42.0,982.8,28,9.9,202,0.0,0.0
KXHIGHCHI,2025-11-15,67.6,52.3,51.3,971.5,64,15.0,254,0.0,0.0
KXHIGHCHI,2025-11-16,51.3,37.4,22.0,980.7,0,13.5,305,0.0,0.0
KXHIGHCHI,2025-11-17,45.6,32.8,23.9,986.4,39,7.6,304,0.0,0.0
KXHIGHCHI,2025-11-18,42.6,39.7,37.3,984.9,100,11.0,96,0.484,0.882
KXHIGHCHI,2025-11-19,44.9,42.3,39.1,990.4,100,8.3,78,0.004,0.0
KXHIGHCHI,2025-11-20,48.1,42.0,41.6,987.3,100,7.8,214,0.0,0.0
KXHIGHCHI,2025-11-21,46.8,41.6,41.2,984.9,100,5.3,337,0.016,0.0
KXHIGHCHI,2025-11-22,47.6,35.5,36.1,985.3,43,12.2,239,0.0,0.0
KXHIGHCHI,2025-11-23,52.5,39.2,35.2,987.9,3,9.3,265,0.0,0.0
KXHIGHCHI,2025-11-24,49.5,36.4,37.3,986.2,88,8.4,183,0.035,0.0
KXHIGHCHI,2025-11-25,52.3,46.2,46.3,977.2,100,11.4,218,0.248,0.0
KXHIGHCHI,2025-11-26,45.8,31.0,24.8,978.2,96,24.4,264,0.004,0.0
KXHIGHCHI,2025-11-27,32.8,28.1,18.5,990.4,78,16.4,293,0.008,0.055
KXHIGHCHI,2025-11-28,31.7,23.8,15.6,995.2,36,12.9,287,0.0,0.0
KXHIGHCHI,2025-11-29,31.1,26.8,23.3,990.7,100,15.7,155,0.642,4.492
KXHIGHCHI,2025-11-30,33.3,21.8,25.3,986.6,64,15.7,272,0.11,0.744
KXHIGHCHI,2025-12-01,27.5,16.9,19.9,993.6,97,7.7,217,0.13,0.909
KXHIGHCHI,2025-12-02,25.1,15.7,17.6,984.1,97,11.0,246,0.028,0.193
KXHIGHCHI,2025-12-03,29.8,21.2,21.8,984.6,98,13.6,237,0.047,0.331
KXHIGHCHI,2025-12-04,20.8,9.0,5.9,994.0,61,11.6,303,0.0,0.0
KXHIGHCHI,2025-12-05,25.1,8.1,10.6,982.3,66,13.3,210,0.0,0.0
KXHIGHCHI,2025-12-06,31.0,24.8,24.6,980.6,87,10.6,255,0.0,0.0
KXHIGHCHI,2025-12-07,33.6,22.8,25.7,988.0,98,13.1,8,0.366,2.563
KXHIGHCHI,2025-12-08,27.2,17.1,15.9,993.8,84,10.7,156,0.0,0.0
KXHIGHCHI,2025-12-09,36.8,17.1,25.2,975.9,84,14.6,209,0.13,0.165
KXHIGHCHI,2025-12-10,38.8,26.3,28.3,969.8,94,17.5,291,0.126,0.331
KXHIGHCHI,2025-12-11,26.5,21.3,18.3,983.8,79,7.5,305,0.0,0.0
KXHIGHCHI,2025-12-12,29.7,22.5,21.5,986.7,89,10.6,245,0.0,0.0
KXHIGHCHI,2025-12-13,25.9,4.2,4.2,990.1,83,13.4,287,0.043,0.303
KXHIGHCHI,2025-12-14,8.1,-1.8,-6.7,1000.9,23,13.8,283,0.0,0.0
KXHIGHCHI,2025-12-15,20.5,0.9,2.9,991.6,85,13.0,206,0.0,0.0
KXHIGHCHI,2025-12-16,36.6,13.2,19.4,981.1,43,13.9,207,0.0,0.0
KXHIGHCHI,2025-12-17,38.0,32.1,30.9,980.7,54,13.9,219,0.024,0.0
KXHIGHCHI,2025-12-18,50.2,24.0,37.3,968.3,100,19.3,209,0.272,0.0
KXHIGHCHI,2025-12-19,21.7,11.8,3.7,978.5,79,17.5,264,0.004,0.028
KXHIGHCHI,2025-12-20,40.2,22.5,21.3,979.0,77,15.5,228,0.0,0.0
KXHIGHCHI,2025-12-21,31.4,19.0,10.7,996.2,13,14.5,270,0.0,0.0
KXHIGHCHI,2025-12-22,42.5,30.0,23.9,991.6,99,10.7,186,0.004,0.0
KXHIGHCHI,2025-12-23,49.7,37.0,34.8,986.6,79,8.0,258,0.0,0.0
KXHIGHCHI,2025-12-24,42.9,35.1,33.8,991.3,88,7.3,92,0.012,0.0
KXHIGHCHI,2025-12-25,41.8,37.6,35.7,987.6,99,12.3,52,0.008,0.0
KXHIGHCHI,2025-12-26,47.8,38.3,39.8,977.4,100,11.3,226,0.083,0.0
KXHIGHCHI,2025-12-27,42.5,37.6,36.9,982.7,100,10.2,136,0.004,0.0
KXHIGHCHI,2025-12-28,52.4,30.0,45.7,970.0,100,19.2,204,1.622,0.028
KXHIGHCHI,2025-12-29,26.4,17.1,13.7,980.9,99,22.8,277,0.087,0.606
KXHIGHCHI,2025-12-30,24.5,11.6,11.3,988.5,79,11.7,266,0.094,0.661
KXHIGHCHI,2025-12-31,34.2,21.6,26.2,979.7,92,14.0,286,0.094,0.413
KXHIGHCHI,2026-01-01,19.4,10.9,7.2,983.7,79,10.4,301,0.016,0.11
KXHIGHCHI,2026-01-02,21.6,16.5,11.0,982.1,55,8.3,305,0.0,0.0
KXHIGHCHI,2026-01-03,24.8,16.5,10.9,985.8,100,6.0,301,0.0,0.0
KXHIGHCHI,2026-01-04,30.9,21.8,17.0,987.7,95,10.4,210,0.0,0.0
KXHIGHCHI,2026-01-05,42.4,31.5,29.7,978.3,66,11.5,200,0.0,0.0
KXHIGHCHI,2026-01-06,44.2,36.2,36.7,972.1,89,8.6,247,0.051,0.0
KXHIGHCHI,2026-01-07,41.1,35.0,35.0,980.1,59,10.5,225,0.0,0.0
KXHIGHCHI,2026-01-08,59.8,39.7,42.6,975.4,79,27.1,182,0.669,0.0
KXHIGHCHI,2026-01-09,60.0,38.8,40.9,978.8,70,20.3,238,0.004,0.0
KXHIGHCHI,2026-01-10,37.9,28.6,30.7,984.2,81,12.0,248,0.252,0.634
KXHIGHCHI,2026-01-11,33.7,22.9,18.7,992.1,86,15.5,286,0.008,0.055
KXHIGHCHI,2026-01-12,39.1,26.1,25.3,988.4,48,12.2,229,0.0,0.0
KXHIGHCHI,2026-01-13,49.2,34.1,33.1,973.4,69,14.7,235,0.031,0.0
KXHIGHCHI,2026-01-14,41.0,18.9,20.2,976.7,91,21.9,324,0.173,1.13
KXHIGHCHI,2026-01-15,22.0,13.7,8.9,981.2,36,14.2,286,0.016,0.11
KXHIGHCHI,2026-01-16,35.4,22.3,23.7,970.7,78,13.1,226,0.079,0.551
KXHIGHCHI,2026-01-17,24.3,12.1,6.6,981.8,94,15.0,251,0.004,0.028
KXHIGHCHI,2026-01-18,18.3,8.2,6.7,983.4,96,11.8,236,0.039,0.276
KXHIGHCHI,2026-01-19,18.9,0.2,-1.9,987.6,63,16.9,277,0.055,0.386
KXHIGHCHI,2026-01-20,20.4,1.9,0.7,993.8,48,9.5,223,0.0,0.0
KXHIGHCHI,2026-01-21,29.9,20.9,18.7,982.4,83,15.6,234,0.079,0.551
KXHIGHCHI,2026-01-22,28.2,12.9,8.0,989.1,34,16.7,270,0.004,0.028
KXHIGHCHI,2026-01-23,8.9,-9.3,-18.7,1003.2,52,14.3,302,0.0,0.0
KXHIGHCHI,2026-01-24,10.4,-8.8,-11.7,1004.3,100,7.8,301,0.091,0.634
KXHIGHCHI,2026-01-25,19.2,5.7,9.2,989.2,96,13.8,13,0.217,1.516
KXHIGHCHI,2026-01-26,6.7,-0.8,-5.6,990.6,41,15.4,264,0.0,0.0
KXHIGHCHI,2026-01-27,14.7,4.8,2.2,987.0,53,16.0,268,0.0,0.0
KXHIGHCHI,2026-01-28,14.5,0.8,-1.6,990.4,3,10.3,273,0.0,0.0
KXHIGHCHI,2026-01-29,13.2,1.4,-1.7,993.5,21,8.5,308,0.0,0.0
KXHIGHCHI,2026-01-30,20.4,6.2,5.5,995.8,82,12.5,333,0.098,0.689
KXHIGHCHI,2026-01-31,25.4,10.7,14.2,996.6,100,14.7,329,0.118,0.717
KXHIGHCHI,2026-02-01,25.0,11.2,12.6,992.2,66,10.1,221,0.0,0.0
KXHIGHCHI,2026-02-02,27.5,21.5,20.0,987.4,99,9.5,252,0.012,0.083
KXHIGHCHI,2026-02-03,27.8,17.1,17.5,991.2,82,9.5,335,0.0,0.0
KXHIGHCHI,2026-02-04,26.1,16.2,18.8,995.9,94,10.1,329,0.0,0.0
KXHIGHCHI,2026-02-05,28.1,12.1,16.7,984.6,86,10.4,205,0.024,0.165
KXHIGHCHI,2026-02-06,35.7,24.0,25.6,978.9,74,15.1,328,0.134,0.882
KXHIGHCHI,2026-02-07,22.7,12.4,9.2,996.0,51,13.3,340,0.004,0.055
KXHIGHCHI,2026-02-08,26.8,22.4,18.7,995.0,33,9.4,131,0.031,0.22
KXHIGHCHI,2026-02-09,35.6,19.2,20.1,987.7,81,12.0,167,0.0,0.0
KXHIGHCHI,2026-02-10,46.0,33.7,30.3,980.6,52,13.6,268,0.0,0.0
KXHIGHCHI,2026-02-11,40.5,27.0,23.0,990.5,8,8.5,301,0.0,0.0
KXHIGHCHI,2026-02-12,35.9,27.0,24.3,993.0,84,4.8,32,0.0,0.0
KXHIGHCHI,2026-02-13,51.4,27.0,28.4,989.0,1,9.4,205,0.0,0.0
KXHIGHCHI,2026-02-14,48.4,30.5,32.7,984.7,77,8.0,213,0.0,0.0
KXHIGHCHI,2026-02-15,56.0,33.2,35.0,981.6,18,6.9,253,0.0,0.0
KXHIGHCHI,2026-02-16,61.8,36.0,38.7,982.0,48,12.0,219,0.0,0.0
KXHIGHCHI,2026-02-17,51.6,40.9,41.5,980.1,92,13.1,161,0.165,0.0
KXHIGHCHI,2026-02-18,60.4,46.7,40.5,969.5,43,13.8,211,0.075,0.0
KXHIGHCHI,2026-02-19,56.8,37.1,37.5,970.8,89,9.2,95,0.008,0.0
KXHIGHCHI,2026-02-20,45.0,27.4,28.5,969.7,84,20.7,245,0.154,0.083
KXHIGHCHI,2026-02-21,30.3,26.1,19.0,987.0,93,9.0,274,0.02,0.165
KXHIGHCHI,2026-02-22,27.4,20.9,12.8,992.2,100,12.7,308,0.024,0.165
KXHIGHCHI,2026-02-23,27.5,20.0,11.0,997.0,79,13.6,329,0.0,0.0
KXHIGHCHI,2026-02-24,37.0,18.6,15.9,978.2,87,14.3,203,0.004,0.028
KXHIGHCHI,2026-02-25,36.0,28.5,18.8,973.2,23,10.7,280,0.0,0.0
KXHIGHCHI,2026-02-26,40.3,23.3,22.1,980.4,44,7.4,178,0.0,0.0
KXHIGHCHI,2026-02-27,59.6,30.2,32.3,978.7,16,10.4,218,0.0,0.0
KXHIGHCHI,2026-02-28,45.2,28.0,24.6,987.9,79,14.4,0,0.0,0.0
KXHIGHCHI,2026-03-01,29.5,26.0,15.6,998.6,51,12.8,47,0.0,0.0
KXHIGHCHI,2026-03-02,37.4,25.5,21.0,996.6,34,7.8,94,0.0,0.0
KXHIGHCHI,2026-03-03,37.5,31.8,29.3,989.6,96,6.8,88,0.012,0.0
KXHIGHCHI,2026-03-04,39.6,31.7,33.7,988.7,72,6.4,43,0.11,0.0
KXHIGHCHI,2026-03-05,46.3,38.1,40.7,984.0,100,4.4,25,0.039,0.0
KXHIGHCHI,2026-03-06,67.7,40.8,51.6,982.4,100,11.2,173,0.291,0.0
KXHIGHCHI,2026-03-07,62.8,40.0,49.3,977.4,100,17.1,234,0.256,0.0
KXHIGHCHI,2026-03-08,59.8,34.1,35.2,979.6,44,14.1,221,0.0,0.0
KXHIGHCHI,2026-03-09,69.9,47.7,44.8,976.0,0,13.4,209,0.0,0.0
KXHIGHCHI,2026-03-10,58.9,38.2,45.8,977.5,71,10.5,324,0.012,0.0
KXHIGHCHI,2026-03-11,41.3,35.1,33.9,978.0,79,14.1,325,0.299,0.331
KXHIGHCHI,2026-03-12,44.5,30.8,26.4,987.9,44,13.3,238,0.004,0.0
KXHIGHCHI,2026-03-13,46.0,34.6,26.4,974.0,70,26.1,254,0.063,0.028
KXHIGHCHI,2026-03-14,36.0,31.2,26.2,988.5,96,11.3,83,0.024,0.193
KXHIGHCHI,2026-03-15,61.6,34.2,38.3,967.5,100,21.2,152,1.638,0.0
KXHIGHCHI,2026-03-16,33.7,20.7,19.7,970.4,99,19.0,308,0.209,1.24
KXHIGHCHI,2026-03-17,23.5,13.9,7.4,987.8,55,13.1,284,0.0,0.0
KXHIGHCHI,2026-03-18,43.4,22.6,24.4,985.7,75,10.9,201,0.031,0.22
KXHIGHCHI,2026-03-19,51.3,32.8,35.8,986.1,59,7.5,97,0.091,0.0
KXHIGHCHI,2026-03-20,66.4,41.3,41.8,979.5,97,11.0,264,0.0,0.0
KXHIGHCHI,2026-03-21,68.0,38.6,42.9,979.1,82,13.6,186,0.0,0.0
KXHIGHCHI,2026-03-22,65.2,32.6,36.1,978.0,93,20.8,354,0.071,0.0
KXHIGHCHI,2026-03-23,36.6,30.7,22.3,996.0,51,18.2,10,0.004,0.0
KXHIGHCHI,2026-03-24,47.8,29.3,24.2,995.1,83,6.8,157,0.0,0.0
KXHIGHCHI,2026-03-25,68.1,38.9,34.1,984.0,88,11.8,194,0.0,0.0
KXHIGHCHI,2026-03-26,67.6,34.3,44.0,978.6,80,18.8,350,0.217,0.0
KXHIGHCHI,2026-03-27,37.9,31.3,28.2,996.3,96,18.1,19,0.004,0.028
KXHIGHCHI,2026-03-28,46.4,28.7,23.0,1001.5,25,11.0,222,0.0,0.0
KXHIGHCHI,2026-03-29,61.3,39.7,31.1,990.0,83,10.6,200,0.0,0.0
KXHIGHCHI,2026-03-30,80.8,49.9,46.6,980.8,31,16.1,208,0.126,0.0
KXHIGHCHI,2026-03-31,69.3,39.2,51.7,979.2,98,17.6,224,0.232,0.0
KXHIGHCHI,2026-04-01,40.4,36.8,34.4,989.7,100,15.4,32,0.02,0.0
KXHIGHCHI,2026-04-02,67.9,39.0,49.8,978.9,96,20.0,161,1.028,0.0
KXHIGHCHI,2026-04-03,61.3,39.1,44.5,984.8,93,13.6,313,0.094,0.0
KXHIGHCHI,2026-04-04,60.1,41.3,43.1,980.7,97,15.6,244,0.413,0.0
KXHIGHCHI,2026-04-05,51.2,38.1,30.5,987.7,47,13.7,279,0.0,0.0
KXHIGHCHI,2026-04-06,49.7,35.2,34.2,991.1,55,12.8,307,0.169,0.0
KXHIGHCHI,2026-04-07,35.3,29.9,22.3,999.4,80,11.0,48,0.0,0.0
KXHIGHCHI,2026-04-08,65.1,35.9,34.9,990.3,72,15.7,170,0.004,0.0
KXHIGHCHI,2026-04-09,68.3,46.8,45.2,988.0,78,16.2,224,0.15,0.0
KXHIGHCHI,2026-04-10,47.7,40.0,41.2,992.2,81,8.6,26,0.213,0.0
KXHIGHCHI,2026-04-11,52.4,36.5,38.4,996.0,58,8.7,98,0.0,0.0
KXHIGHCHI,2026-04-12,76.7,52.3,53.0,983.1,98,15.9,197,0.106,0.0
KXHIGHCHI,2026-04-13,75.5,62.2,61.8,980.1,96,16.2,216,0.087,0.0
KXHIGHCHI,2026-04-14,80.4,58.9,61.8,977.4,90,15.6,205,0.004,0.0
KXHIGHCHI,2026-04-15,70.1,57.7,61.4,977.5,100,15.5,204,1.13,0.0
KXHIGHCHI,2026-04-16,69.2,48.9,57.0,978.5,86,11.4,222,0.358,0.0
