date,ticker,fcst_gfs_seamless,fcst_ecmwf_ifs025,fcst_icon_seamless,fcst_gem_seamless,fcst_jma_seamless
2022-01-01,KXHIGHTDC,61.6,,,,60.0
2022-01-02,KXHIGHTDC,62.9,,,,64.7
2022-01-03,KXHIGHTDC,46.0,,,,46.0
2022-01-04,KXHIGHTDC,33.8,,,,31.4
2022-01-05,KXHIGHTDC,39.0,,,,44.9
2022-01-06,KXHIGHTDC,42.4,,,,41.5
2022-01-07,KXHIGHTDC,34.7,,,,32.5
2022-01-08,KXHIGHTDC,32.7,,,,27.5
2022-01-09,KXHIGHTDC,42.8,,,,45.1
2022-01-10,KXHIGHTDC,44.0,,,,41.2
2022-01-11,KXHIGHTDC,28.6,,,,28.2
2022-01-12,KXHIGHTDC,45.5,,,,39.7
2022-01-13,KXHIGHTDC,49.4,,,,42.6
2022-01-14,KXHIGHTDC,46.3,,,,43.6
2022-01-15,KXHIGHTDC,33.8,,,,31.3
2022-01-16,KXHIGHTDC,34.6,,,,42.7
2022-01-17,KXHIGHTDC,40.2,,,,50.3
2022-01-18,KXHIGHTDC,39.1,,,,37.8
2022-01-19,KXHIGHTDC,55.8,,,,47.1
2022-01-20,KXHIGHTDC,47.0,,,,43.2
2022-01-21,KXHIGHTDC,28.6,,,,25.2
2022-01-22,KXHIGHTDC,31.9,,,,25.9
2022-01-23,KXHIGHTDC,39.3,,,,35.5
2022-01-24,KXHIGHTDC,40.1,,,,35.3
2022-01-25,KXHIGHTDC,47.4,,,,44.3
2022-01-26,KXHIGHTDC,32.6,,,,29.7
2022-01-27,KXHIGHTDC,35.2,,,,31.4
2022-01-28,KXHIGHTDC,38.8,,,,35.5
2022-01-29,KXHIGHTDC,30.7,,,,32.4
2022-01-30,KXHIGHTDC,30.9,,,,27.7
2022-01-31,KXHIGHTDC,36.1,,,,32.6
2022-02-01,KXHIGHTDC,41.8,,,,34.1
2022-02-02,KXHIGHTDC,48.5,,,,38.8
2022-02-03,KXHIGHTDC,55.9,,,,57.1
2022-02-04,KXHIGHTDC,59.7,,,,61.9
2022-02-05,KXHIGHTDC,33.3,,,,33.4
2022-02-06,KXHIGHTDC,35.9,,,,31.0
2022-02-07,KXHIGHTDC,43.0,,,,38.3
2022-02-08,KXHIGHTDC,46.5,,,,40.4
2022-02-09,KXHIGHTDC,55.9,,,,48.6
2022-02-10,KXHIGHTDC,59.6,,,,56.0
2022-02-11,KXHIGHTDC,67.2,,,,59.7
2022-02-12,KXHIGHTDC,58.5,,,,56.0
2022-02-13,KXHIGHTDC,47.5,,,,42.3
2022-02-14,KXHIGHTDC,30.0,,,,29.5
2022-02-15,KXHIGHTDC,38.8,,,,34.3
2022-02-16,KXHIGHTDC,53.3,,,,49.4
2022-02-17,KXHIGHTDC,67.0,,,,64.9
2022-02-18,KXHIGHTDC,65.6,,,,63.4
2022-02-19,KXHIGHTDC,46.9,,,,46.4
2022-02-20,KXHIGHTDC,42.6,,,,39.6
2022-02-21,KXHIGHTDC,66.2,,,,55.9
2022-02-22,KXHIGHTDC,66.4,,,,64.9
2022-02-23,KXHIGHTDC,73.0,,,,69.3
2022-02-24,KXHIGHTDC,42.2,,,,44.6
2022-02-25,KXHIGHTDC,55.2,,,,55.0
2022-02-26,KXHIGHTDC,42.4,,,,40.2
2022-02-27,KXHIGHTDC,55.2,,,,50.4
2022-02-28,KXHIGHTDC,49.6,,,,43.3
2022-03-01,KXHIGHTDC,53.3,,,,53.4
2022-03-02,KXHIGHTDC,62.1,,,,56.0
2022-03-03,KXHIGHTDC,54.6,,,,51.0
2022-03-04,KXHIGHTDC,46.1,,,,40.9
2022-03-05,KXHIGHTDC,60.3,,,,53.9
2022-03-06,KXHIGHTDC,78.0,,,,72.1
2022-03-07,KXHIGHTDC,77.8,,,,76.1
2022-03-08,KXHIGHTDC,55.1,,,,56.0
2022-03-09,KXHIGHTDC,44.7,,,,45.8
2022-03-10,KXHIGHTDC,50.6,,,,48.0
2022-03-11,KXHIGHTDC,62.0,,,,55.8
2022-03-12,KXHIGHTDC,48.9,,,,48.8
2022-03-13,KXHIGHTDC,43.2,,,,39.3
2022-03-14,KXHIGHTDC,62.0,,,,54.1
2022-03-15,KXHIGHTDC,71.8,,,,63.1
2022-03-16,KXHIGHTDC,72.4,,,,66.7
2022-03-17,KXHIGHTDC,60.2,,,,58.7
2022-03-18,KXHIGHTDC,74.9,,,,70.1
2022-03-19,KXHIGHTDC,76.4,,,,70.9
2022-03-20,KXHIGHTDC,63.2,,,,60.3
2022-03-21,KXHIGHTDC,70.5,,,,64.1
2022-03-22,KXHIGHTDC,69.6,,,,60.6
2022-03-23,KXHIGHTDC,53.5,,,,57.2
2022-03-24,KXHIGHTDC,55.6,,,,65.5
2022-03-25,KXHIGHTDC,62.2,,,,60.7
2022-03-26,KXHIGHTDC,52.6,,,,52.4
2022-03-27,KXHIGHTDC,42.5,,,,44.0
2022-03-28,KXHIGHTDC,38.3,,,,39.6
2022-03-29,KXHIGHTDC,45.5,,,,41.5
2022-03-30,KXHIGHTDC,59.0,,,,55.0
2022-03-31,KXHIGHTDC,70.9,,,,72.1
2022-04-01,KXHIGHTDC,64.7,,,,62.1
2022-04-02,KXHIGHTDC,57.8,,,,51.5
2022-04-03,KXHIGHTDC,59.0,,,,55.4
2022-04-04,KXHIGHTDC,55.7,,,,52.8
2022-04-05,KXHIGHTDC,53.9,,,,57.7
2022-04-06,KXHIGHTDC,59.9,,,,59.7
2022-04-07,KXHIGHTDC,53.7,,,,53.9
2022-04-08,KXHIGHTDC,63.4,,,,61.1
2022-04-09,KXHIGHTDC,55.0,,,,53.4
2022-04-10,KXHIGHTDC,53.5,,,,52.2
2022-04-11,KXHIGHTDC,66.4,,,,60.1
2022-04-12,KXHIGHTDC,79.0,,,,71.4
2022-04-13,KXHIGHTDC,86.3,,,,79.4
2022-04-14,KXHIGHTDC,83.0,,,,80.3
2022-04-15,KXHIGHTDC,71.5,,,,68.7
2022-04-16,KXHIGHTDC,79.5,,,,75.0
2022-04-17,KXHIGHTDC,58.6,,,,58.0
2022-04-18,KXHIGHTDC,46.2,,,,46.6
2022-04-19,KXHIGHTDC,50.7,,,,51.5
2022-04-20,KXHIGHTDC,63.4,,,,56.2
2022-04-21,KXHIGHTDC,68.7,,,,63.5
2022-04-22,KXHIGHTDC,75.9,,,,71.2
2022-04-23,KXHIGHTDC,78.1,,,,68.5
2022-04-24,KXHIGHTDC,81.0,,,,70.7
2022-04-25,KXHIGHTDC,68.7,,,,64.2
2022-04-26,KXHIGHTDC,69.9,,,,66.6
2022-04-27,KXHIGHTDC,60.2,,,,57.1
2022-04-28,KXHIGHTDC,58.9,,,,56.9
2022-04-29,KXHIGHTDC,66.0,,,,61.5
2022-04-30,KXHIGHTDC,69.8,,,,64.1
2022-05-01,KXHIGHTDC,65.1,,,,68.5
2022-05-02,KXHIGHTDC,79.7,,,,77.0
2022-05-03,KXHIGHTDC,73.0,,,,64.3
2022-05-04,KXHIGHTDC,74.1,,,,71.7
2022-05-05,KXHIGHTDC,67.1,,,,66.7
2022-05-06,KXHIGHTDC,60.7,,,,61.0
2022-05-07,KXHIGHTDC,52.6,,,,52.2
2022-05-08,KXHIGHTDC,55.0,,,,55.6
2022-05-09,KXHIGHTDC,71.2,,,,66.0
2022-05-10,KXHIGHTDC,74.6,,,,69.4
2022-05-11,KXHIGHTDC,73.4,,,,69.7
2022-05-12,KXHIGHTDC,73.6,,,,68.8
2022-05-13,KXHIGHTDC,73.8,,,,70.6
2022-05-14,KXHIGHTDC,71.2,,,,71.2
2022-05-15,KXHIGHTDC,83.1,,,,76.2
2022-05-16,KXHIGHTDC,79.3,,,,75.3
2022-05-17,KXHIGHTDC,83.4,,,,81.3
2022-05-18,KXHIGHTDC,75.4,,,,71.5
2022-05-19,KXHIGHTDC,85.3,,,,78.6
2022-05-20,KXHIGHTDC,89.0,,,,83.0
2022-05-21,KXHIGHTDC,93.4,,,,91.0
2022-05-22,KXHIGHTDC,90.4,,,,87.2
2022-05-23,KXHIGHTDC,74.4,,,,71.9
2022-05-24,KXHIGHTDC,62.6,,,,63.7
2022-05-25,KXHIGHTDC,72.4,,,,66.8
2022-05-26,KXHIGHTDC,71.5,,,,70.3
2022-05-27,KXHIGHTDC,77.0,,,,71.9
2022-05-28,KXHIGHTDC,77.9,,,,75.3
2022-05-29,KXHIGHTDC,83.2,,,,78.9
2022-05-30,KXHIGHTDC,90.8,,,,87.2
2022-05-31,KXHIGHTDC,95.3,,,,92.7
2022-06-01,KXHIGHTDC,93.5,,,,91.7
2022-06-02,KXHIGHTDC,88.0,,,,86.7
2022-06-03,KXHIGHTDC,76.2,,,,78.9
2022-06-04,KXHIGHTDC,85.1,,,,83.1
2022-06-05,KXHIGHTDC,80.2,,,,76.1
2022-06-06,KXHIGHTDC,81.9,,,,80.5
2022-06-07,KXHIGHTDC,80.0,,,,78.1
2022-06-08,KXHIGHTDC,87.9,,,,82.4
2022-06-09,KXHIGHTDC,82.7,,,,78.0
2022-06-10,KXHIGHTDC,82.2,,,,78.7
2022-06-11,KXHIGHTDC,71.1,,,,72.3
2022-06-12,KXHIGHTDC,81.0,,,,77.4
2022-06-13,KXHIGHTDC,92.4,,,,87.6
2022-06-14,KXHIGHTDC,80.2,,,,80.0
2022-06-15,KXHIGHTDC,91.4,,,,86.5
2022-06-16,KXHIGHTDC,85.6,,,,80.5
2022-06-17,KXHIGHTDC,96.9,,,,93.5
2022-06-18,KXHIGHTDC,78.8,,,,77.5
2022-06-19,KXHIGHTDC,78.3,,,,75.7
2022-06-20,KXHIGHTDC,81.1,,,,77.7
2022-06-21,KXHIGHTDC,85.3,,,,82.6
2022-06-22,KXHIGHTDC,88.4,,,,83.9
2022-06-23,KXHIGHTDC,70.7,,,,70.3
2022-06-24,KXHIGHTDC,82.8,,,,79.3
2022-06-25,KXHIGHTDC,88.7,,,,84.7
2022-06-26,KXHIGHTDC,89.4,,,,86.5
2022-06-27,KXHIGHTDC,82.5,,,,78.6
2022-06-28,KXHIGHTDC,81.2,,,,77.4
2022-06-29,KXHIGHTDC,85.6,,,,85.6
2022-06-30,KXHIGHTDC,90.1,,,,87.6
2022-07-01,KXHIGHTDC,90.5,,,,88.3
2022-07-02,KXHIGHTDC,88.3,,,,86.2
2022-07-03,KXHIGHTDC,83.5,,,,84.9
2022-07-04,KXHIGHTDC,88.3,,,,83.8
2022-07-05,KXHIGHTDC,84.1,,,,80.6
2022-07-06,KXHIGHTDC,91.6,,,,87.7
2022-07-07,KXHIGHTDC,80.3,,,,80.6
2022-07-08,KXHIGHTDC,86.4,,,,84.4
2022-07-09,KXHIGHTDC,77.0,,,,76.4
2022-07-10,KXHIGHTDC,79.6,,,,80.5
2022-07-11,KXHIGHTDC,82.5,,,,82.2
2022-07-12,KXHIGHTDC,90.4,,,,89.9
2022-07-13,KXHIGHTDC,86.5,,,,87.6
2022-07-14,KXHIGHTDC,87.2,,,,85.9
2022-07-15,KXHIGHTDC,88.1,,,,85.0
2022-07-16,KXHIGHTDC,85.0,,,,80.2
2022-07-17,KXHIGHTDC,84.5,,,,81.3
2022-07-18,KXHIGHTDC,88.9,,,,86.0
2022-07-19,KXHIGHTDC,90.5,,,,87.7
2022-07-20,KXHIGHTDC,92.8,,,,91.1
2022-07-21,KXHIGHTDC,89.4,,,,89.6
2022-07-22,KXHIGHTDC,92.4,,,,92.6
2022-07-23,KXHIGHTDC,95.1,,,,92.1
2022-07-24,KXHIGHTDC,94.6,,,,94.4
2022-07-25,KXHIGHTDC,89.6,,,,85.2
2022-07-26,KXHIGHTDC,78.2,,,,80.1
2022-07-27,KXHIGHTDC,86.4,,,,83.9
2022-07-28,KXHIGHTDC,90.8,,,,87.7
2022-07-29,KXHIGHTDC,85.6,,,,82.9
2022-07-30,KXHIGHTDC,86.6,,,,84.7
2022-07-31,KXHIGHTDC,84.8,,,,83.2
2022-08-01,KXHIGHTDC,86.7,,,,82.8
2022-08-02,KXHIGHTDC,90.9,,,,87.0
2022-08-03,KXHIGHTDC,93.5,,,,88.7
2022-08-04,KXHIGHTDC,96.7,,,,92.2
2022-08-05,KXHIGHTDC,89.9,,,,86.0
2022-08-06,KXHIGHTDC,86.4,,,,83.6
2022-08-07,KXHIGHTDC,91.3,,,,85.1
2022-08-08,KXHIGHTDC,89.8,,,,89.2
2022-08-09,KXHIGHTDC,96.3,,,,93.3
2022-08-10,KXHIGHTDC,92.0,,,,87.5
2022-08-11,KXHIGHTDC,87.4,,,,84.5
2022-08-12,KXHIGHTDC,85.0,,,,80.6
2022-08-13,KXHIGHTDC,84.4,,,,78.4
2022-08-14,KXHIGHTDC,81.9,,,,80.5
2022-08-15,KXHIGHTDC,75.2,,,,73.6
2022-08-16,KXHIGHTDC,81.5,,,,78.0
2022-08-17,KXHIGHTDC,84.2,,,,77.3
2022-08-18,KXHIGHTDC,84.6,,,,81.9
2022-08-19,KXHIGHTDC,88.0,,,,86.0
2022-08-20,KXHIGHTDC,87.8,,,,85.0
2022-08-21,KXHIGHTDC,79.6,,,,77.5
2022-08-22,KXHIGHTDC,84.0,,,,80.2
2022-08-23,KXHIGHTDC,86.9,,,,82.0
2022-08-24,KXHIGHTDC,89.2,,,,83.8
2022-08-25,KXHIGHTDC,89.8,,,,86.2
2022-08-26,KXHIGHTDC,89.7,,,,86.8
2022-08-27,KXHIGHTDC,89.4,,,,83.8
2022-08-28,KXHIGHTDC,88.4,,,,84.7
2022-08-29,KXHIGHTDC,91.4,,,,86.5
2022-08-30,KXHIGHTDC,91.4,,,,87.9
2022-08-31,KXHIGHTDC,83.5,,,,78.6
2022-09-01,KXHIGHTDC,87.1,,,,83.8
2022-09-02,KXHIGHTDC,86.1,,,,81.5
2022-09-03,KXHIGHTDC,87.4,,,,83.9
2022-09-04,KXHIGHTDC,88.2,,,,85.3
2022-09-05,KXHIGHTDC,84.5,,,,78.7
2022-09-06,KXHIGHTDC,82.2,,,,79.9
2022-09-07,KXHIGHTDC,73.0,,,,73.6
2022-09-08,KXHIGHTDC,77.6,,,,76.8
2022-09-09,KXHIGHTDC,84.0,,,,79.3
2022-09-10,KXHIGHTDC,80.7,,,,77.0
2022-09-11,KXHIGHTDC,79.7,,,,76.6
2022-09-12,KXHIGHTDC,81.8,,,,78.4
2022-09-13,KXHIGHTDC,80.8,,,,77.9
2022-09-14,KXHIGHTDC,79.2,,,,75.7
2022-09-15,KXHIGHTDC,80.5,,,,75.4
2022-09-16,KXHIGHTDC,80.2,,,,76.7
2022-09-17,KXHIGHTDC,81.1,,,,78.2
2022-09-18,KXHIGHTDC,84.3,,,,82.0
2022-09-19,KXHIGHTDC,86.5,,,,82.3
2022-09-20,KXHIGHTDC,83.9,,,,80.1
2022-09-21,KXHIGHTDC,84.8,,,,82.1
2022-09-22,KXHIGHTDC,79.3,,,,74.4
2022-09-23,KXHIGHTDC,67.7,,,,64.7
2022-09-24,KXHIGHTDC,69.5,,,,65.3
2022-09-25,KXHIGHTDC,77.5,,,,78.8
2022-09-26,KXHIGHTDC,77.0,,,,74.8
2022-09-27,KXHIGHTDC,70.7,,,,69.1
2022-09-28,KXHIGHTDC,68.1,,,,65.8
2022-09-29,KXHIGHTDC,68.0,,,,65.6
2022-09-30,KXHIGHTDC,61.3,,,,63.0
2022-10-01,KXHIGHTDC,60.5,,,,60.8
2022-10-02,KXHIGHTDC,60.0,,,,58.3
2022-10-03,KXHIGHTDC,54.3,,,,52.9
2022-10-04,KXHIGHTDC,52.1,,,,52.7
2022-10-05,KXHIGHTDC,64.0,,,,62.6
2022-10-06,KXHIGHTDC,75.5,,,,72.9
2022-10-07,KXHIGHTDC,79.5,,,,76.0
2022-10-08,KXHIGHTDC,59.2,,,,61.8
2022-10-09,KXHIGHTDC,64.0,,,,60.4
2022-10-10,KXHIGHTDC,69.1,,,,64.9
2022-10-11,KXHIGHTDC,73.1,,,,70.5
2022-10-12,KXHIGHTDC,71.1,,,,69.6
2022-10-13,KXHIGHTDC,69.1,,,,68.8
2022-10-14,KXHIGHTDC,67.5,,,,64.7
2022-10-15,KXHIGHTDC,75.5,,,,73.7
2022-10-16,KXHIGHTDC,71.2,,,,67.9
2022-10-17,KXHIGHTDC,69.8,,,,69.0
2022-10-18,KXHIGHTDC,54.4,,,,53.2
2022-10-19,KXHIGHTDC,55.5,,,,54.2
2022-10-20,KXHIGHTDC,61.2,,,,59.3
2022-10-21,KXHIGHTDC,66.7,,,,62.3
2022-10-22,KXHIGHTDC,71.0,,,,65.8
2022-10-23,KXHIGHTDC,65.3,,,,63.9
2022-10-24,KXHIGHTDC,63.5,,,,63.6
2022-10-25,KXHIGHTDC,62.8,,,,64.9
2022-10-26,KXHIGHTDC,65.5,,,,62.6
2022-10-27,KXHIGHTDC,65.4,,,,60.8
2022-10-28,KXHIGHTDC,58.4,,,,56.4
2022-10-29,KXHIGHTDC,62.6,,,,57.5
2022-10-30,KXHIGHTDC,62.0,,,,59.6
2022-10-31,KXHIGHTDC,65.4,,,,63.5
2022-11-01,KXHIGHTDC,72.7,,,,70.0
2022-11-02,KXHIGHTDC,68.9,,,,64.8
2022-11-03,KXHIGHTDC,68.9,,,,62.2
2022-11-04,KXHIGHTDC,73.0,,,,65.8
2022-11-05,KXHIGHTDC,79.0,,,,75.1
2022-11-06,KXHIGHTDC,76.8,,,,73.9
2022-11-07,KXHIGHTDC,78.4,,,,74.9
2022-11-08,KXHIGHTDC,62.4,,,,59.7
2022-11-09,KXHIGHTDC,59.5,,,,53.4
2022-11-10,KXHIGHTDC,68.5,,,,62.9
2022-11-11,KXHIGHTDC,71.9,,,,71.3
2022-11-12,KXHIGHTDC,71.4,,,,69.9
2022-11-13,KXHIGHTDC,55.4,,,,56.0
2022-11-14,KXHIGHTDC,49.2,,,,45.0
2022-11-15,KXHIGHTDC,42.3,,,,43.8
2022-11-16,KXHIGHTDC,49.9,,49.9,,50.3
2022-11-17,KXHIGHTDC,42.4,,44.9,,44.0
2022-11-18,KXHIGHTDC,46.8,,45.6,,44.8
2022-11-19,KXHIGHTDC,46.3,,45.8,,42.6
2022-11-20,KXHIGHTDC,38.2,,37.2,,38.5
2022-11-21,KXHIGHTDC,47.1,,46.8,,42.9
2022-11-22,KXHIGHTDC,57.3,,55.5,41.7,51.3
2022-11-23,KXHIGHTDC,61.2,,59.8,61.5,55.3
2022-11-24,KXHIGHTDC,60.4,,59.4,60.4,55.2
2022-11-25,KXHIGHTDC,60.3,,59.3,62.8,58.2
2022-11-26,KXHIGHTDC,60.3,,59.3,60.6,53.8
2022-11-27,KXHIGHTDC,56.6,,56.1,61.9,59.5
2022-11-28,KXHIGHTDC,54.1,,53.3,53.6,56.7
2022-11-29,KXHIGHTDC,51.4,,51.6,53.0,50.0
2022-11-30,KXHIGHTDC,56.3,,57.0,58.6,58.5
2022-12-01,KXHIGHTDC,45.1,,43.9,42.3,42.5
2022-12-02,KXHIGHTDC,49.3,,50.2,49.2,47.1
2022-12-03,KXHIGHTDC,60.7,,60.2,60.0,60.1
2022-12-04,KXHIGHTDC,46.8,,46.8,44.0,48.0
2022-12-05,KXHIGHTDC,50.3,,48.5,49.3,46.7
2022-12-06,KXHIGHTDC,49.6,,50.1,49.0,52.4
2022-12-07,KXHIGHTDC,55.2,,57.9,59.5,57.8
2022-12-08,KXHIGHTDC,56.0,,55.2,55.9,54.8
2022-12-09,KXHIGHTDC,49.4,,47.5,48.6,47.6
2022-12-10,KXHIGHTDC,44.2,,42.0,45.2,41.2
2022-12-11,KXHIGHTDC,45.2,,47.2,48.3,47.2
2022-12-12,KXHIGHTDC,41.8,,42.8,43.0,43.6
2022-12-13,KXHIGHTDC,41.8,,41.5,40.3,38.8
2022-12-14,KXHIGHTDC,41.3,,40.6,44.3,40.0
2022-12-15,KXHIGHTDC,46.6,,48.2,46.7,47.3
2022-12-16,KXHIGHTDC,49.4,,49.9,49.0,48.5
2022-12-17,KXHIGHTDC,46.2,,45.8,45.0,44.9
2022-12-18,KXHIGHTDC,41.1,,41.3,42.1,39.9
2022-12-19,KXHIGHTDC,41.0,,39.5,41.7,37.7
2022-12-20,KXHIGHTDC,40.8,,39.5,40.5,37.2
2022-12-21,KXHIGHTDC,43.9,,42.1,43.9,38.4
2022-12-22,KXHIGHTDC,55.0,,54.9,54.0,52.5
2022-12-23,KXHIGHTDC,54.3,,54.8,56.0,52.3
2022-12-24,KXHIGHTDC,20.0,,20.4,18.5,21.4
2022-12-25,KXHIGHTDC,30.9,,31.3,28.6,28.0
2022-12-26,KXHIGHTDC,31.6,,31.6,31.0,29.8
2022-12-27,KXHIGHTDC,42.1,,40.9,39.8,34.9
2022-12-28,KXHIGHTDC,49.8,,48.1,45.8,40.3
2022-12-29,KXHIGHTDC,54.5,,51.1,49.8,42.9
2022-12-30,KXHIGHTDC,63.5,,58.2,62.8,52.2
2022-12-31,KXHIGHTDC,56.5,,55.7,60.1,57.9
2023-01-01,KXHIGHTDC,63.1,,61.3,60.2,54.1
2023-01-02,KXHIGHTDC,61.9,,61.3,63.3,57.3
2023-01-03,KXHIGHTDC,65.2,,65.0,69.6,64.3
2023-01-04,KXHIGHTDC,63.3,,62.6,67.8,65.6
2023-01-05,KXHIGHTDC,62.6,,60.8,61.8,60.9
2023-01-06,KXHIGHTDC,50.5,,49.8,50.3,50.6
2023-01-07,KXHIGHTDC,49.2,,47.3,48.9,46.0
2023-01-08,KXHIGHTDC,43.4,,42.8,45.0,41.1
2023-01-09,KXHIGHTDC,48.5,,47.7,48.6,44.6
2023-01-10,KXHIGHTDC,47.9,,46.2,47.9,44.0
2023-01-11,KXHIGHTDC,45.1,,44.9,45.3,43.3
2023-01-12,KXHIGHTDC,53.5,,53.4,58.9,57.0
2023-01-13,KXHIGHTDC,53.9,,55.5,57.8,57.7
2023-01-14,KXHIGHTDC,38.2,,37.1,35.8,37.5
2023-01-15,KXHIGHTDC,43.6,,42.4,42.7,40.6
2023-01-16,KXHIGHTDC,53.2,,52.7,52.5,46.9
2023-01-17,KXHIGHTDC,45.8,,49.1,51.7,46.1
2023-01-18,KXHIGHTDC,56.9,,55.3,59.2,53.4
2023-01-19,KXHIGHTDC,44.3,,47.8,50.8,56.5
2023-01-20,KXHIGHTDC,49.7,,49.4,50.5,54.2
2023-01-21,KXHIGHTDC,42.9,,43.7,45.5,43.2
2023-01-22,KXHIGHTDC,40.4,,42.1,44.1,42.0
2023-01-23,KXHIGHTDC,45.1,,45.3,44.8,43.9
2023-01-24,KXHIGHTDC,50.5,,48.8,48.4,45.2
2023-01-25,KXHIGHTDC,45.3,,48.8,50.7,48.8
2023-01-26,KXHIGHTDC,47.8,,47.7,47.3,47.8
2023-01-27,KXHIGHTDC,43.3,,42.6,41.7,41.4
2023-01-28,KXHIGHTDC,55.7,,56.0,56.1,52.3
2023-01-29,KXHIGHTDC,47.8,,47.5,50.7,49.6
2023-01-30,KXHIGHTDC,59.3,,57.7,59.7,52.4
2023-01-31,KXHIGHTDC,46.9,,47.7,45.7,49.4
2023-02-01,KXHIGHTDC,38.6,,37.2,40.2,37.2
2023-02-02,KXHIGHTDC,40.2,,39.7,41.1,39.7
2023-02-03,KXHIGHTDC,37.4,,36.7,38.1,37.4
2023-02-04,KXHIGHTDC,31.3,,31.0,31.0,30.2
2023-02-05,KXHIGHTDC,56.5,,53.0,55.4,45.2
2023-02-06,KXHIGHTDC,52.2,,51.9,53.8,50.4
2023-02-07,KXHIGHTDC,49.2,,49.8,53.3,48.7
2023-02-08,KXHIGHTDC,64.0,,62.9,65.2,57.4
2023-02-09,KXHIGHTDC,64.1,,66.5,69.2,64.2
2023-02-10,KXHIGHTDC,61.4,,59.5,69.4,64.0
2023-02-11,KXHIGHTDC,49.1,,48.6,50.3,46.9
2023-02-12,KXHIGHTDC,40.1,,39.8,43.2,40.0
2023-02-13,KXHIGHTDC,55.9,,57.5,53.0,55.2
2023-02-14,KXHIGHTDC,61.2,,57.8,56.2,54.0
2023-02-15,KXHIGHTDC,67.7,,66.7,69.6,64.0
2023-02-16,KXHIGHTDC,59.0,,58.2,65.3,61.3
2023-02-17,KXHIGHTDC,61.9,,60.0,66.4,62.1
2023-02-18,KXHIGHTDC,45.8,,45.2,43.5,42.7
2023-02-19,KXHIGHTDC,61.3,,59.3,58.8,55.2
2023-02-20,KXHIGHTDC,60.6,,61.1,64.7,59.9
2023-02-21,KXHIGHTDC,62.2,,63.8,64.2,61.7
2023-02-22,KXHIGHTDC,54.3,,52.2,57.7,50.2
2023-02-23,KXHIGHTDC,80.6,,73.1,79.3,72.8
2023-02-24,KXHIGHTDC,67.2,,62.2,66.1,63.1
2023-02-25,KXHIGHTDC,39.7,,41.9,42.0,40.6
2023-02-26,KXHIGHTDC,51.0,,53.9,55.5,53.7
2023-02-27,KXHIGHTDC,52.1,,49.6,51.7,48.2
2023-02-28,KXHIGHTDC,59.5,,57.5,60.1,54.5
2023-03-01,KXHIGHTDC,57.2,,55.6,58.6,53.4
2023-03-02,KXHIGHTDC,63.6,,64.7,68.1,65.1
2023-03-03,KXHIGHTDC,49.5,,50.3,52.7,50.4
2023-03-04,KXHIGHTDC,56.6,,54.2,57.0,53.7
2023-03-05,KXHIGHTDC,64.0,,61.2,62.8,59.1
2023-03-06,KXHIGHTDC,58.5,,57.0,58.8,51.6
2023-03-07,KXHIGHTDC,53.1,,53.0,54.1,50.5
2023-03-08,KXHIGHTDC,52.1,,51.1,53.3,49.6
2023-03-09,KXHIGHTDC,54.8,,54.3,56.4,50.4
2023-03-10,KXHIGHTDC,45.1,,46.9,49.1,49.0
2023-03-11,KXHIGHTDC,44.8,,45.7,49.7,47.6
2023-03-12,KXHIGHTDC,41.9,,41.3,43.7,40.6
2023-03-13,KXHIGHTDC,48.1,,46.8,48.9,46.5
2023-03-14,KXHIGHTDC,42.3,,42.5,43.9,41.5
2023-03-15,KXHIGHTDC,50.9,,49.5,49.5,46.9
2023-03-16,KXHIGHTDC,64.4,,62.1,63.7,57.7
2023-03-17,KXHIGHTDC,59.2,,56.6,61.7,59.7
2023-03-18,KXHIGHTDC,53.5,,54.2,55.6,52.3
2023-03-19,KXHIGHTDC,42.1,,41.4,42.6,41.8
2023-03-20,KXHIGHTDC,52.8,,50.9,54.2,47.8
2023-03-21,KXHIGHTDC,63.3,,60.9,63.9,58.6
2023-03-22,KXHIGHTDC,67.3,,65.5,68.2,62.7
2023-03-23,KXHIGHTDC,83.4,,78.5,81.5,69.3
2023-03-24,KXHIGHTDC,75.0,,67.4,73.8,66.2
2023-03-25,KXHIGHTDC,53.0,,58.9,57.6,64.9
2023-03-26,KXHIGHTDC,68.7,,66.2,67.8,62.3
2023-03-27,KXHIGHTDC,59.7,,62.7,63.8,60.5
2023-03-28,KXHIGHTDC,57.7,,56.8,60.8,55.0
2023-03-29,KXHIGHTDC,60.3,,58.5,61.5,56.2
2023-03-30,KXHIGHTDC,53.2,,53.0,54.7,49.6
2023-03-31,KXHIGHTDC,64.2,,63.7,66.8,63.6
2023-04-01,KXHIGHTDC,74.9,,73.3,75.1,71.1
2023-04-02,KXHIGHTDC,56.7,,55.2,57.6,53.2
2023-04-03,KXHIGHTDC,71.1,,70.8,71.6,64.9
2023-04-04,KXHIGHTDC,80.8,,79.3,81.2,73.7
2023-04-05,KXHIGHTDC,87.1,,87.2,89.2,80.7
2023-04-06,KXHIGHTDC,85.6,,84.9,88.5,80.2
2023-04-07,KXHIGHTDC,59.1,,59.5,60.9,60.5
2023-04-08,KXHIGHTDC,52.9,,51.7,55.8,50.5
2023-04-09,KXHIGHTDC,61.9,,60.1,63.1,56.8
2023-04-10,KXHIGHTDC,65.6,,64.2,67.2,61.7
2023-04-11,KXHIGHTDC,77.6,,75.6,78.3,72.3
2023-04-12,KXHIGHTDC,85.3,,83.6,84.7,80.8
2023-04-13,KXHIGHTDC,88.1,,85.9,88.9,83.0
2023-04-14,KXHIGHTDC,81.5,,79.5,82.6,79.4
2023-04-15,KXHIGHTDC,76.6,,74.1,80.6,72.1
2023-04-16,KXHIGHTDC,80.9,,79.7,83.2,78.4
2023-04-17,KXHIGHTDC,71.9,,67.4,71.4,69.5
2023-04-18,KXHIGHTDC,73.0,,71.1,73.1,67.5
2023-04-19,KXHIGHTDC,75.0,,74.1,76.1,67.9
2023-04-20,KXHIGHTDC,87.0,,85.0,88.7,77.1
2023-04-21,KXHIGHTDC,87.9,,86.8,88.1,85.3
2023-04-22,KXHIGHTDC,75.8,,72.9,75.3,74.6
2023-04-23,KXHIGHTDC,63.3,,62.4,67.4,63.2
2023-04-24,KXHIGHTDC,59.5,,58.0,62.2,57.0
2023-04-25,KXHIGHTDC,60.0,,60.2,63.7,57.0
2023-04-26,KXHIGHTDC,66.6,,67.1,70.5,63.4
2023-04-27,KXHIGHTDC,70.0,,70.1,73.9,65.7
2023-04-28,KXHIGHTDC,56.9,,57.2,59.6,58.8
2023-04-29,KXHIGHTDC,66.2,,66.8,71.2,65.8
2023-04-30,KXHIGHTDC,61.7,,62.3,66.2,63.2
2023-05-01,KXHIGHTDC,59.4,,59.4,61.4,59.5
2023-05-02,KXHIGHTDC,55.1,,57.7,57.7,55.7
2023-05-03,KXHIGHTDC,54.4,,54.4,57.1,54.1
2023-05-04,KXHIGHTDC,61.5,,60.4,62.6,59.4
2023-05-05,KXHIGHTDC,67.6,,67.1,69.7,64.4
2023-05-06,KXHIGHTDC,74.0,,73.2,76.6,68.7
2023-05-07,KXHIGHTDC,73.9,,73.2,79.5,72.9
2023-05-08,KXHIGHTDC,82.3,,80.4,84.8,77.3
2023-05-09,KXHIGHTDC,67.1,,66.4,69.3,66.8
2023-05-10,KXHIGHTDC,72.3,,71.8,74.1,70.1
2023-05-11,KXHIGHTDC,80.8,,78.4,81.7,78.0
2023-05-12,KXHIGHTDC,85.8,,84.0,86.8,82.1
2023-05-13,KXHIGHTDC,74.8,,72.5,77.6,74.6
2023-05-14,KXHIGHTDC,78.4,,77.6,79.8,74.8
2023-05-15,KXHIGHTDC,75.3,,74.1,78.4,72.2
2023-05-16,KXHIGHTDC,78.9,,77.6,82.1,78.0
2023-05-17,KXHIGHTDC,72.6,,71.0,75.3,68.9
2023-05-18,KXHIGHTDC,70.3,,69.8,73.3,66.5
2023-05-19,KXHIGHTDC,73.3,,73.6,77.2,70.7
2023-05-20,KXHIGHTDC,80.2,,78.5,83.3,74.9
2023-05-21,KXHIGHTDC,78.4,,78.2,79.1,74.8
2023-05-22,KXHIGHTDC,80.4,,79.1,82.3,78.1
2023-05-23,KXHIGHTDC,74.9,,74.7,77.7,71.6
2023-05-24,KXHIGHTDC,80.4,,80.0,82.5,77.5
2023-05-25,KXHIGHTDC,71.4,,70.6,73.3,67.6
2023-05-26,KXHIGHTDC,74.3,,73.7,76.7,71.2
2023-05-27,KXHIGHTDC,76.1,,75.6,78.5,73.9
2023-05-28,KXHIGHTDC,73.0,,69.8,75.1,68.6
2023-05-29,KXHIGHTDC,72.8,,74.7,80.0,69.6
2023-05-30,KXHIGHTDC,73.0,,74.6,76.6,70.1
2023-05-31,KXHIGHTDC,76.3,,77.0,79.7,72.8
2023-06-01,KXHIGHTDC,85.2,,83.6,87.3,79.6
2023-06-02,KXHIGHTDC,92.4,,92.2,95.4,88.7
2023-06-03,KXHIGHTDC,82.6,,84.9,86.4,79.3
2023-06-04,KXHIGHTDC,75.0,,74.2,77.7,69.8
2023-06-05,KXHIGHTDC,78.3,,78.2,79.8,74.6
2023-06-06,KXHIGHTDC,80.9,,82.6,83.8,80.0
2023-06-07,KXHIGHTDC,78.0,,77.9,81.0,75.1
2023-06-08,KXHIGHTDC,76.8,,78.0,79.9,74.6
2023-06-09,KXHIGHTDC,73.0,,73.4,76.5,71.2
2023-06-10,KXHIGHTDC,83.9,,83.7,86.4,80.3
2023-06-11,KXHIGHTDC,88.7,,87.5,90.5,86.6
2023-06-12,KXHIGHTDC,75.9,,78.1,78.8,77.8
2023-06-13,KXHIGHTDC,80.1,,78.7,82.8,74.2
2023-06-14,KXHIGHTDC,80.5,,79.8,81.4,74.2
2023-06-15,KXHIGHTDC,81.9,,81.8,84.9,76.9
2023-06-16,KXHIGHTDC,79.6,,79.6,77.8,74.1
2023-06-17,KXHIGHTDC,81.0,,81.6,82.4,78.4
2023-06-18,KXHIGHTDC,85.1,,85.4,86.2,80.2
2023-06-19,KXHIGHTDC,87.8,,87.8,91.7,83.2
2023-06-20,KXHIGHTDC,79.2,,80.5,83.0,75.3
2023-06-21,KXHIGHTDC,70.0,,70.0,71.6,69.7
2023-06-22,KXHIGHTDC,64.9,,66.2,68.2,68.9
2023-06-23,KXHIGHTDC,76.9,,74.2,78.3,76.2
2023-06-24,KXHIGHTDC,83.1,,83.1,88.9,79.3
2023-06-25,KXHIGHTDC,87.8,,88.1,91.3,85.4
2023-06-26,KXHIGHTDC,87.5,,88.2,92.7,80.7
2023-06-27,KXHIGHTDC,83.1,,82.1,87.7,77.0
2023-06-28,KXHIGHTDC,78.0,,80.8,82.8,75.5
2023-06-29,KXHIGHTDC,84.8,,84.5,87.1,81.1
2023-06-30,KXHIGHTDC,87.4,,85.1,90.1,81.6
2023-07-01,KXHIGHTDC,82.2,,83.1,89.9,79.5
2023-07-02,KXHIGHTDC,85.6,,88.1,90.7,83.7
2023-07-03,KXHIGHTDC,88.3,,90.9,94.2,87.4
2023-07-04,KXHIGHTDC,87.4,,89.8,92.4,87.1
2023-07-05,KXHIGHTDC,88.1,,90.5,94.6,87.8
2023-07-06,KXHIGHTDC,87.1,,87.5,93.1,83.8
2023-07-07,KXHIGHTDC,85.8,,84.3,93.7,81.8
2023-07-08,KXHIGHTDC,88.6,,89.0,93.5,83.3
2023-07-09,KXHIGHTDC,82.5,,82.2,88.7,78.2
2023-07-10,KXHIGHTDC,86.0,,86.3,89.9,82.6
2023-07-11,KXHIGHTDC,90.2,,88.3,93.4,86.6
2023-07-12,KXHIGHTDC,90.7,,90.4,94.7,89.4
2023-07-13,KXHIGHTDC,93.5,,92.9,95.0,91.3
2023-07-14,KXHIGHTDC,91.8,,90.6,94.5,87.2
2023-07-15,KXHIGHTDC,89.2,,88.7,93.4,87.1
2023-07-16,KXHIGHTDC,86.3,,85.7,89.6,83.6
2023-07-17,KXHIGHTDC,90.7,,90.0,93.4,88.3
2023-07-18,KXHIGHTDC,89.7,,89.4,92.7,86.4
2023-07-19,KXHIGHTDC,89.0,,86.4,90.8,84.2
2023-07-20,KXHIGHTDC,91.0,,88.2,91.4,85.6
2023-07-21,KXHIGHTDC,86.5,,87.2,88.6,84.9
2023-07-22,KXHIGHTDC,86.0,,83.7,86.6,81.0
2023-07-23,KXHIGHTDC,88.0,,86.4,90.0,85.1
2023-07-24,KXHIGHTDC,86.4,,82.1,89.0,80.9
2023-07-25,KXHIGHTDC,90.1,,85.4,90.7,81.4
2023-07-26,KXHIGHTDC,88.7,,90.8,94.1,87.4
2023-07-27,KXHIGHTDC,96.5,,95.0,88.0,89.3
2023-07-28,KXHIGHTDC,97.0,,94.9,95.5,88.6
2023-07-29,KXHIGHTDC,96.4,,95.9,93.4,92.5
2023-07-30,KXHIGHTDC,86.5,,85.8,84.5,81.8
2023-07-31,KXHIGHTDC,85.5,,85.5,83.5,81.5
2023-08-01,KXHIGHTDC,80.8,,82.1,86.3,79.6
2023-08-02,KXHIGHTDC,83.1,,83.1,85.5,80.3
2023-08-03,KXHIGHTDC,77.7,,79.1,80.9,75.5
2023-08-04,KXHIGHTDC,79.3,,82.0,83.2,77.5
2023-08-05,KXHIGHTDC,85.9,,85.8,88.6,83.5
2023-08-06,KXHIGHTDC,87.0,,88.1,90.8,84.8
2023-08-07,KXHIGHTDC,88.3,,88.9,91.4,83.5
2023-08-08,KXHIGHTDC,83.1,,85.1,85.1,82.1
2023-08-09,KXHIGHTDC,84.9,,86.1,90.7,84.6
2023-08-10,KXHIGHTDC,80.6,,78.0,85.6,78.7
2023-08-11,KXHIGHTDC,87.3,,87.3,90.2,84.3
2023-08-12,KXHIGHTDC,92.1,,89.6,93.2,88.8
2023-08-13,KXHIGHTDC,90.7,,90.4,93.1,87.5
2023-08-14,KXHIGHTDC,91.5,,90.8,94.9,88.6
2023-08-15,KXHIGHTDC,89.5,,89.0,82.9,85.1
2023-08-16,KXHIGHTDC,84.7,,85.3,83.3,82.0
2023-08-17,KXHIGHTDC,89.5,,88.4,87.4,85.8
2023-08-18,KXHIGHTDC,83.8,,83.0,85.9,78.8
2023-08-19,KXHIGHTDC,83.7,,83.2,82.3,77.4
2023-08-20,KXHIGHTDC,88.1,,88.1,90.4,86.0
2023-08-21,KXHIGHTDC,90.0,,90.9,98.2,88.4
2023-08-22,KXHIGHTDC,83.2,,83.6,92.3,80.5
2023-08-23,KXHIGHTDC,83.8,,81.6,,79.2
2023-08-24,KXHIGHTDC,80.5,,83.7,,78.4
2023-08-25,KXHIGHTDC,95.5,,91.2,,84.2
2023-08-26,KXHIGHTDC,89.8,,90.8,,83.8
2023-08-27,KXHIGHTDC,89.2,,87.4,,80.5
2023-08-28,KXHIGHTDC,77.9,,79.1,,78.2
2023-08-29,KXHIGHTDC,79.3,,79.1,,76.6
2023-08-30,KXHIGHTDC,85.8,,84.5,,83.8
2023-08-31,KXHIGHTDC,81.1,,81.1,,76.6
2023-09-01,KXHIGHTDC,80.5,,80.0,,75.9
2023-09-02,KXHIGHTDC,84.6,,83.0,,80.7
2023-09-03,KXHIGHTDC,94.9,,94.5,,89.9
2023-09-04,KXHIGHTDC,95.7,,97.1,,89.2
2023-09-05,KXHIGHTDC,96.5,,96.2,,91.6
2023-09-06,KXHIGHTDC,97.3,,95.6,90.3,92.8
2023-09-07,KXHIGHTDC,93.6,,93.4,96.8,90.9
2023-09-08,KXHIGHTDC,92.1,,91.1,93.4,83.2
2023-09-09,KXHIGHTDC,84.4,,87.9,90.6,80.0
2023-09-10,KXHIGHTDC,79.3,,79.6,80.5,75.0
2023-09-11,KXHIGHTDC,84.3,,83.4,86.2,79.3
2023-09-12,KXHIGHTDC,86.4,,86.6,87.8,82.0
2023-09-13,KXHIGHTDC,82.2,,81.9,84.7,76.2
2023-09-14,KXHIGHTDC,79.7,,78.9,80.7,76.0
2023-09-15,KXHIGHTDC,76.2,,76.0,77.1,71.5
2023-09-16,KXHIGHTDC,79.5,,80.3,80.3,74.6
2023-09-17,KXHIGHTDC,73.9,,75.5,80.8,75.3
2023-09-18,KXHIGHTDC,77.5,,76.1,77.2,72.5
2023-09-19,KXHIGHTDC,75.6,,75.7,77.2,72.1
2023-09-20,KXHIGHTDC,79.0,,78.0,79.0,73.8
2023-09-21,KXHIGHTDC,78.8,,77.9,79.6,74.7
2023-09-22,KXHIGHTDC,71.6,,71.9,74.1,70.1
2023-09-23,KXHIGHTDC,61.4,,62.9,63.2,66.0
2023-09-24,KXHIGHTDC,67.4,,66.6,71.9,67.6
2023-09-25,KXHIGHTDC,68.3,,68.9,70.9,67.6
2023-09-26,KXHIGHTDC,60.4,,61.9,64.6,64.7
2023-09-27,KXHIGHTDC,67.2,,67.0,71.2,64.9
2023-09-28,KXHIGHTDC,67.6,,67.8,73.8,66.9
2023-09-29,KXHIGHTDC,68.1,,69.5,72.2,66.3
2023-09-30,KXHIGHTDC,73.1,,73.7,77.1,71.1
2023-10-01,KXHIGHTDC,80.7,,79.9,82.2,76.6
2023-10-02,KXHIGHTDC,84.3,,81.8,84.2,77.7
2023-10-03,KXHIGHTDC,84.1,,82.3,84.7,78.8
2023-10-04,KXHIGHTDC,83.1,,81.4,84.1,78.0
2023-10-05,KXHIGHTDC,78.1,,78.1,80.7,74.1
2023-10-06,KXHIGHTDC,76.8,,77.0,79.8,74.8
2023-10-07,KXHIGHTDC,69.6,,67.6,67.8,69.1
2023-10-08,KXHIGHTDC,61.5,,61.1,63.0,60.6
2023-10-09,KXHIGHTDC,63.4,,63.3,65.5,61.0
2023-10-10,KXHIGHTDC,68.5,,68.1,70.0,64.4
2023-10-11,KXHIGHTDC,70.9,,69.5,71.0,66.4
2023-10-12,KXHIGHTDC,74.8,,72.8,73.9,69.5
2023-10-13,KXHIGHTDC,70.9,,69.1,71.0,65.3
2023-10-14,KXHIGHTDC,60.3,,62.5,65.2,62.9
2023-10-15,KXHIGHTDC,58.6,,59.6,61.9,59.5
2023-10-16,KXHIGHTDC,60.2,,59.0,63.3,59.3
2023-10-17,KXHIGHTDC,61.0,,62.1,65.1,61.9
2023-10-18,KXHIGHTDC,63.6,,63.6,66.2,61.1
2023-10-19,KXHIGHTDC,70.3,,69.4,71.5,67.5
2023-10-20,KXHIGHTDC,65.1,,69.0,72.8,67.2
2023-10-21,KXHIGHTDC,65.1,,65.1,66.8,62.7
2023-10-22,KXHIGHTDC,62.5,,62.3,63.1,59.5
2023-10-23,KXHIGHTDC,63.2,,62.7,64.5,57.7
2023-10-24,KXHIGHTDC,70.2,,68.4,71.1,67.3
2023-10-25,KXHIGHTDC,76.7,,75.3,76.4,72.4
2023-10-26,KXHIGHTDC,79.9,,78.8,79.9,73.7
2023-10-27,KXHIGHTDC,79.8,,79.1,82.4,77.3
2023-10-28,KXHIGHTDC,83.9,,82.4,85.1,77.4
2023-10-29,KXHIGHTDC,74.8,,76.1,79.7,72.4
2023-10-30,KXHIGHTDC,79.3,,78.6,82.0,76.8
2023-10-31,KXHIGHTDC,53.8,,53.2,55.3,51.9
2023-11-01,KXHIGHTDC,48.1,,49.4,49.5,48.5
2023-11-02,KXHIGHTDC,51.5,,51.1,51.8,47.8
2023-11-03,KXHIGHTDC,59.6,,58.5,59.1,57.0
2023-11-04,KXHIGHTDC,69.6,,67.4,68.2,61.8
2023-11-05,KXHIGHTDC,71.1,,69.8,71.1,67.3
2023-11-06,KXHIGHTDC,64.6,,63.9,65.3,60.4
2023-11-07,KXHIGHTDC,73.9,,73.0,77.8,72.1
2023-11-08,KXHIGHTDC,63.9,,62.9,64.3,60.2
2023-11-09,KXHIGHTDC,75.6,,76.9,78.1,71.3
2023-11-10,KXHIGHTDC,57.2,,55.4,56.7,56.9
2023-11-11,KXHIGHTDC,57.7,,57.3,59.6,55.9
2023-11-12,KXHIGHTDC,51.4,,50.8,52.0,49.0
2023-11-13,KXHIGHTDC,54.3,,54.6,55.1,52.6
2023-11-14,KXHIGHTDC,58.7,,57.9,58.6,55.7
2023-11-15,KXHIGHTDC,57.9,,56.9,58.8,56.2
2023-11-16,KXHIGHTDC,70.1,,67.7,68.2,62.7
2023-11-17,KXHIGHTDC,68.4,,69.3,69.6,64.4
2023-11-18,KXHIGHTDC,59.7,,59.7,60.4,57.9
2023-11-19,KXHIGHTDC,58.5,,58.2,58.8,54.6
2023-11-20,KXHIGHTDC,49.4,,50.5,50.3,48.0
2023-11-21,KXHIGHTDC,56.5,,57.3,57.0,55.9
2023-11-22,KXHIGHTDC,57.7,,57.4,58.9,56.6
2023-11-23,KXHIGHTDC,57.5,,55.7,56.2,50.9
2023-11-24,KXHIGHTDC,54.0,,53.9,54.3,50.8
2023-11-25,KXHIGHTDC,43.2,,43.7,43.5,39.8
2023-11-26,KXHIGHTDC,45.1,,44.1,46.6,46.5
2023-11-27,KXHIGHTDC,47.8,,47.6,49.5,48.0
2023-11-28,KXHIGHTDC,40.2,,39.8,40.8,37.9
2023-11-29,KXHIGHTDC,39.5,,39.0,39.3,36.1
2023-11-30,KXHIGHTDC,55.3,,54.1,54.9,50.9
2023-12-01,KXHIGHTDC,48.9,,48.5,51.9,52.6
2023-12-02,KXHIGHTDC,55.0,,57.7,59.9,60.4
2023-12-03,KXHIGHTDC,55.7,,56.6,57.0,57.7
2023-12-04,KXHIGHTDC,54.2,,52.6,55.0,54.6
2023-12-05,KXHIGHTDC,49.3,,48.6,49.7,45.9
2023-12-06,KXHIGHTDC,42.8,,43.8,45.1,43.5
2023-12-07,KXHIGHTDC,45.4,,45.3,45.8,44.8
2023-12-08,KXHIGHTDC,56.8,,56.5,57.4,52.3
2023-12-09,KXHIGHTDC,54.7,,55.5,54.0,53.1
2023-12-10,KXHIGHTDC,61.2,,60.0,62.3,60.3
2023-12-11,KXHIGHTDC,44.6,,44.9,46.6,45.1
2023-12-12,KXHIGHTDC,46.9,,47.1,46.7,45.1
2023-12-13,KXHIGHTDC,49.6,,49.0,49.4,46.9
2023-12-14,KXHIGHTDC,47.5,,46.7,47.7,42.9
2023-12-15,KXHIGHTDC,59.8,,57.8,57.8,53.1
2023-12-16,KXHIGHTDC,58.3,,57.3,58.0,51.1
2023-12-17,KXHIGHTDC,54.4,,54.6,56.6,56.1
2023-12-18,KXHIGHTDC,55.9,,55.3,55.8,56.6
2023-12-19,KXHIGHTDC,40.8,,41.1,40.8,40.6
2023-12-20,KXHIGHTDC,46.9,,45.5,46.2,42.2
2023-12-21,KXHIGHTDC,46.6,,47.4,49.2,44.2
2023-12-22,KXHIGHTDC,48.6,,47.3,48.9,43.2
2023-12-23,KXHIGHTDC,48.9,,48.8,49.3,47.1
2023-12-24,KXHIGHTDC,51.4,,49.9,53.6,48.1
2023-12-25,KXHIGHTDC,57.1,,54.8,58.2,49.7
2023-12-26,KXHIGHTDC,48.6,,48.1,49.3,47.6
2023-12-27,KXHIGHTDC,53.6,,51.6,54.8,55.8
2023-12-28,KXHIGHTDC,56.5,,58.3,58.8,56.8
2023-12-29,KXHIGHTDC,52.9,,53.1,53.8,50.6
2023-12-30,KXHIGHTDC,48.2,,47.5,48.6,46.9
2023-12-31,KXHIGHTDC,49.6,,47.3,49.7,44.8
2024-01-01,KXHIGHTDC,42.8,,43.4,42.1,44.8
2024-01-02,KXHIGHTDC,44.5,,43.8,44.8,41.6
2024-01-03,KXHIGHTDC,47.3,,46.0,47.8,43.4
2024-01-04,KXHIGHTDC,43.4,,44.3,45.7,44.1
2024-01-05,KXHIGHTDC,41.3,,39.9,41.5,36.0
2024-01-06,KXHIGHTDC,37.5,,40.1,40.4,37.9
2024-01-07,KXHIGHTDC,47.8,,48.1,49.3,46.8
2024-01-08,KXHIGHTDC,48.2,,47.3,48.6,43.4
2024-01-09,KXHIGHTDC,56.4,,59.3,59.2,58.0
2024-01-10,KXHIGHTDC,57.8,,59.4,56.9,57.4
2024-01-11,KXHIGHTDC,51.6,,51.9,50.2,47.4
2024-01-12,KXHIGHTDC,49.9,,47.9,50.2,50.5
2024-01-13,KXHIGHTDC,52.9,,54.0,54.9,54.1
2024-01-14,KXHIGHTDC,45.0,,43.9,46.5,40.9
2024-01-15,KXHIGHTDC,29.8,,30.2,30.4,29.2
2024-01-16,KXHIGHTDC,30.7,,30.2,30.4,31.3
2024-01-17,KXHIGHTDC,28.1,,28.6,30.4,24.1
2024-01-18,KXHIGHTDC,37.4,,36.0,35.6,32.7
2024-01-19,KXHIGHTDC,32.7,,32.9,33.0,30.4
2024-01-20,KXHIGHTDC,27.6,,26.0,27.0,27.8
2024-01-21,KXHIGHTDC,31.7,,32.0,33.2,27.1
2024-01-22,KXHIGHTDC,39.0,,36.6,38.0,32.7
2024-01-23,KXHIGHTDC,47.8,,46.0,44.8,38.9
2024-01-24,KXHIGHTDC,52.9,,48.6,56.5,49.5
2024-01-25,KXHIGHTDC,65.9,,60.8,63.8,64.9
2024-01-26,KXHIGHTDC,74.7,,72.7,78.1,71.0
2024-01-27,KXHIGHTDC,59.0,,59.1,61.7,56.3
2024-01-28,KXHIGHTDC,47.5,,46.7,46.3,46.3
2024-01-29,KXHIGHTDC,44.4,,45.2,47.1,46.3
2024-01-30,KXHIGHTDC,41.9,,42.3,45.4,41.6
2024-01-31,KXHIGHTDC,42.4,,44.3,45.9,43.3
2024-02-01,KXHIGHTDC,51.2,,51.6,53.3,48.6
2024-02-02,KXHIGHTDC,49.7,42.8,49.5,51.5,48.4
2024-02-03,KXHIGHTDC,49.9,46.7,47.3,49.7,44.2
2024-02-04,KXHIGHTDC,53.4,49.5,49.7,52.0,45.1
2024-02-05,KXHIGHTDC,51.2,48.9,49.0,51.3,45.1
2024-02-06,KXHIGHTDC,44.4,43.0,43.1,45.3,40.9
2024-02-07,KXHIGHTDC,51.6,48.1,49.3,51.8,44.8
2024-02-08,KXHIGHTDC,55.9,53.0,53.0,55.0,51.4
2024-02-09,KXHIGHTDC,63.0,60.7,61.4,63.1,55.7
2024-02-10,KXHIGHTDC,62.4,61.0,61.3,66.6,61.6
2024-02-11,KXHIGHTDC,55.0,54.0,54.8,58.8,52.9
2024-02-12,KXHIGHTDC,48.8,49.0,47.5,51.8,50.2
2024-02-13,KXHIGHTDC,45.5,45.3,45.7,48.1,46.3
2024-02-14,KXHIGHTDC,44.7,42.8,44.8,45.0,43.1
2024-02-15,KXHIGHTDC,47.8,46.7,49.4,49.2,49.1
2024-02-16,KXHIGHTDC,48.2,45.6,46.6,48.7,49.1
2024-02-17,KXHIGHTDC,40.9,36.8,39.4,39.7,38.8
2024-02-18,KXHIGHTDC,48.1,45.5,46.2,48.1,43.3
2024-02-19,KXHIGHTDC,47.8,45.9,46.8,48.9,42.9
2024-02-20,KXHIGHTDC,49.1,46.9,47.6,50.0,43.7
2024-02-21,KXHIGHTDC,48.7,45.9,47.7,49.6,42.4
2024-02-22,KXHIGHTDC,48.0,48.3,52.5,55.6,49.8
2024-02-23,KXHIGHTDC,49.9,49.2,50.8,51.1,51.0
2024-02-24,KXHIGHTDC,50.1,49.7,48.8,46.9,47.2
2024-02-25,KXHIGHTDC,46.6,44.2,44.9,45.8,43.2
2024-02-26,KXHIGHTDC,65.9,62.9,63.9,66.4,58.9
2024-02-27,KXHIGHTDC,63.5,62.5,63.8,67.3,64.3
2024-02-28,KXHIGHTDC,64.7,61.8,63.1,65.8,66.2
2024-02-29,KXHIGHTDC,48.1,45.8,46.7,48.7,44.2
2024-03-01,KXHIGHTDC,52.9,49.4,51.4,53.8,48.0
2024-03-02,KXHIGHTDC,51.8,53.7,50.9,52.5,53.3
2024-03-03,KXHIGHTDC,66.1,63.6,63.8,67.1,60.7
2024-03-04,KXHIGHTDC,68.1,65.5,66.2,69.7,61.5
2024-03-05,KXHIGHTDC,56.2,57.5,55.5,58.0,54.5
2024-03-06,KXHIGHTDC,53.4,52.8,54.1,52.9,52.0
2024-03-07,KXHIGHTDC,63.4,63.2,62.8,66.2,59.2
2024-03-08,KXHIGHTDC,61.0,57.4,57.4,60.8,54.6
2024-03-09,KXHIGHTDC,50.7,52.1,53.0,52.3,55.1
2024-03-10,KXHIGHTDC,47.7,45.8,47.9,49.8,49.4
2024-03-11,KXHIGHTDC,56.0,53.0,54.4,54.7,52.1
2024-03-12,KXHIGHTDC,74.5,70.1,71.2,73.4,65.9
2024-03-13,KXHIGHTDC,74.3,71.0,71.6,74.6,68.5
2024-03-14,KXHIGHTDC,79.8,76.6,77.0,79.2,73.6
2024-03-15,KXHIGHTDC,76.0,73.4,74.0,77.9,73.7
2024-03-16,KXHIGHTDC,65.6,62.6,63.6,67.0,59.3
2024-03-17,KXHIGHTDC,71.1,67.8,68.2,71.9,64.3
2024-03-18,KXHIGHTDC,54.5,49.2,51.3,53.7,53.9
2024-03-19,KXHIGHTDC,52.1,50.6,50.8,52.9,49.4
2024-03-20,KXHIGHTDC,69.1,64.2,66.8,68.0,63.2
2024-03-21,KXHIGHTDC,49.4,46.8,48.9,50.4,45.9
2024-03-22,KXHIGHTDC,52.0,48.9,51.2,55.3,49.6
2024-03-23,KXHIGHTDC,52.6,54.1,55.8,54.2,54.8
2024-03-24,KXHIGHTDC,51.4,49.4,49.6,52.1,46.4
2024-03-25,KXHIGHTDC,56.4,53.1,54.4,57.4,50.6
2024-03-26,KXHIGHTDC,61.6,57.5,58.4,63.2,53.2
2024-03-27,KXHIGHTDC,48.1,47.1,48.2,49.4,49.8
2024-03-28,KXHIGHTDC,51.6,53.9,53.0,53.8,53.8
2024-03-29,KXHIGHTDC,63.2,59.5,60.6,62.1,58.7
2024-03-30,KXHIGHTDC,63.7,61.7,64.7,66.7,63.3
2024-03-31,KXHIGHTDC,68.8,66.1,65.9,70.9,63.7
2024-04-01,KXHIGHTDC,56.1,58.3,58.5,61.8,58.2
2024-04-02,KXHIGHTDC,52.9,53.6,52.7,54.4,52.3
2024-04-03,KXHIGHTDC,51.2,51.4,50.8,51.3,52.0
2024-04-04,KXHIGHTDC,53.9,52.0,51.8,57.0,52.6
2024-04-05,KXHIGHTDC,55.0,53.3,53.0,55.7,53.8
2024-04-06,KXHIGHTDC,55.3,53.5,54.0,57.2,54.4
2024-04-07,KXHIGHTDC,66.1,62.4,62.6,65.4,59.6
2024-04-08,KXHIGHTDC,71.8,69.6,71.0,74.6,67.9
2024-04-09,KXHIGHTDC,78.9,75.5,75.9,80.8,75.3
2024-04-10,KXHIGHTDC,79.3,75.8,76.4,80.5,70.3
2024-04-11,KXHIGHTDC,70.9,69.1,72.1,75.1,70.4
2024-04-12,KXHIGHTDC,68.5,65.6,66.8,69.0,66.7
2024-04-13,KXHIGHTDC,67.4,63.8,64.2,66.7,63.8
2024-04-14,KXHIGHTDC,82.5,77.3,80.9,83.3,77.3
2024-04-15,KXHIGHTDC,86.9,83.6,85.4,87.1,81.1
2024-04-16,KXHIGHTDC,77.4,73.6,74.0,77.4,71.6
2024-04-17,KXHIGHTDC,73.2,70.9,74.3,77.2,69.4
2024-04-18,KXHIGHTDC,77.5,73.8,76.0,79.0,71.3
2024-04-19,KXHIGHTDC,56.2,55.7,61.2,64.0,56.6
2024-04-20,KXHIGHTDC,74.6,70.5,72.1,74.1,68.4
2024-04-21,KXHIGHTDC,57.0,54.6,54.2,56.6,56.0
2024-04-22,KXHIGHTDC,64.2,61.7,62.4,64.8,60.4
2024-04-23,KXHIGHTDC,72.4,69.6,70.9,73.2,69.6
2024-04-24,KXHIGHTDC,73.9,71.7,72.8,75.9,69.2
2024-04-25,KXHIGHTDC,59.5,58.4,58.4,63.5,61.0
2024-04-26,KXHIGHTDC,65.2,62.6,63.8,66.7,61.6
2024-04-27,KXHIGHTDC,58.6,60.1,59.3,63.5,58.4
2024-04-28,KXHIGHTDC,84.7,83.0,82.7,86.4,80.7
2024-04-29,KXHIGHTDC,91.0,87.8,88.4,91.2,87.1
2024-04-30,KXHIGHTDC,85.1,84.5,84.1,88.4,85.6
2024-05-01,KXHIGHTDC,83.3,80.9,81.3,83.7,78.7
2024-05-02,KXHIGHTDC,90.3,87.7,87.9,91.6,86.4
2024-05-03,KXHIGHTDC,74.8,71.3,72.9,77.3,72.1
2024-05-04,KXHIGHTDC,54.3,54.7,54.8,56.9,56.3
2024-05-05,KXHIGHTDC,69.5,67.4,67.3,74.4,68.1
2024-05-06,KXHIGHTDC,74.7,74.8,75.3,78.8,73.0
2024-05-07,KXHIGHTDC,77.2,75.1,76.8,83.2,76.5
2024-05-08,KXHIGHTDC,87.1,84.5,87.2,88.9,86.3
2024-05-09,KXHIGHTDC,73.5,70.2,71.9,76.4,72.8
2024-05-10,KXHIGHTDC,60.7,59.8,60.9,60.7,60.0
2024-05-11,KXHIGHTDC,65.6,62.8,63.8,68.6,62.5
2024-05-12,KXHIGHTDC,66.4,64.2,67.0,67.8,63.8
2024-05-13,KXHIGHTDC,77.5,74.0,75.5,78.4,73.6
2024-05-14,KXHIGHTDC,68.7,66.3,66.8,72.4,70.2
2024-05-15,KXHIGHTDC,65.8,65.5,64.7,67.6,66.7
2024-05-16,KXHIGHTDC,79.4,75.7,78.4,81.8,77.9
2024-05-17,KXHIGHTDC,67.6,67.4,71.5,75.4,69.7
2024-05-18,KXHIGHTDC,63.9,62.7,63.0,65.5,63.8
2024-05-19,KXHIGHTDC,73.8,72.3,73.0,77.4,72.6
2024-05-20,KXHIGHTDC,79.6,76.8,76.9,81.5,73.8
2024-05-21,KXHIGHTDC,84.7,81.3,82.3,86.1,77.5
2024-05-22,KXHIGHTDC,88.6,85.0,87.0,91.1,85.1
2024-05-23,KXHIGHTDC,85.0,82.0,82.7,86.0,79.3
2024-05-24,KXHIGHTDC,86.5,82.7,83.3,87.4,81.5
2024-05-25,KXHIGHTDC,88.0,86.2,86.6,89.5,86.0
2024-05-26,KXHIGHTDC,89.4,84.6,84.5,90.3,82.5
2024-05-27,KXHIGHTDC,79.7,76.3,80.1,84.1,78.8
2024-05-28,KXHIGHTDC,82.0,80.0,82.6,85.3,80.6
2024-05-29,KXHIGHTDC,77.0,73.6,75.7,80.1,74.8
2024-05-30,KXHIGHTDC,75.7,71.9,73.3,77.6,72.5
2024-05-31,KXHIGHTDC,77.1,74.3,75.6,79.4,73.0
2024-06-01,KXHIGHTDC,84.3,80.2,81.9,86.4,79.9
2024-06-02,KXHIGHTDC,82.9,81.8,83.3,88.7,81.6
2024-06-03,KXHIGHTDC,86.5,82.0,83.6,86.8,79.9
2024-06-04,KXHIGHTDC,87.9,86.2,88.0,91.2,85.7
2024-06-05,KXHIGHTDC,82.4,76.3,79.1,85.1,77.9
2024-06-06,KXHIGHTDC,83.2,83.7,83.6,89.1,79.7
2024-06-07,KXHIGHTDC,84.3,82.8,85.1,88.3,82.6
2024-06-08,KXHIGHTDC,84.6,82.1,84.9,87.7,79.8
2024-06-09,KXHIGHTDC,82.3,79.0,83.9,85.8,77.9
2024-06-10,KXHIGHTDC,80.2,79.1,79.8,85.3,76.7
2024-06-11,KXHIGHTDC,73.0,70.7,74.3,79.9,72.0
2024-06-12,KXHIGHTDC,82.6,78.3,81.0,87.0,78.5
2024-06-13,KXHIGHTDC,89.5,85.4,87.9,93.4,84.3
2024-06-14,KXHIGHTDC,92.7,89.1,90.5,95.9,89.4
2024-06-15,KXHIGHTDC,84.1,83.4,82.8,87.4,81.3
2024-06-16,KXHIGHTDC,86.9,83.8,85.9,92.5,82.9
2024-06-17,KXHIGHTDC,89.2,88.6,90.5,95.9,87.2
2024-06-18,KXHIGHTDC,90.4,89.9,90.8,96.3,88.7
2024-06-19,KXHIGHTDC,89.8,89.0,89.5,95.0,86.2
2024-06-20,KXHIGHTDC,90.4,88.9,89.2,94.4,86.5
2024-06-21,KXHIGHTDC,94.6,93.4,93.0,98.1,91.7
2024-06-22,KXHIGHTDC,97.8,96.5,97.6,102.6,94.7
2024-06-23,KXHIGHTDC,95.5,94.5,96.0,101.5,95.3
2024-06-24,KXHIGHTDC,88.7,85.0,86.9,90.6,84.0
2024-06-25,KXHIGHTDC,90.1,89.7,90.5,95.0,89.2
2024-06-26,KXHIGHTDC,97.5,94.2,95.4,99.7,93.6
2024-06-27,KXHIGHTDC,89.4,85.9,88.1,91.7,85.3
2024-06-28,KXHIGHTDC,83.5,83.0,84.2,87.5,77.8
2024-06-29,KXHIGHTDC,89.9,88.8,91.4,97.2,86.5
2024-06-30,KXHIGHTDC,96.3,87.8,92.6,98.7,85.4
2024-07-01,KXHIGHTDC,80.6,76.5,80.7,83.6,76.9
2024-07-02,KXHIGHTDC,86.6,83.3,85.0,91.3,81.8
2024-07-03,KXHIGHTDC,86.8,84.3,87.9,92.8,85.1
2024-07-04,KXHIGHTDC,94.6,90.5,93.2,99.4,88.6
2024-07-05,KXHIGHTDC,96.9,94.9,97.8,102.0,92.8
2024-07-06,KXHIGHTDC,96.2,94.8,96.9,100.9,92.0
2024-07-07,KXHIGHTDC,95.8,92.6,94.7,100.5,90.9
2024-07-08,KXHIGHTDC,98.6,92.8,94.4,101.1,90.5
2024-07-09,KXHIGHTDC,97.3,94.6,96.5,101.3,91.6
2024-07-10,KXHIGHTDC,94.6,93.1,95.2,97.8,89.2
2024-07-11,KXHIGHTDC,91.0,87.5,90.2,94.0,84.8
2024-07-12,KXHIGHTDC,79.6,76.7,78.1,83.6,77.5
2024-07-13,KXHIGHTDC,93.7,89.0,91.1,97.4,85.7
2024-07-14,KXHIGHTDC,96.4,94.1,96.7,103.3,92.5
2024-07-15,KXHIGHTDC,100.0,95.4,98.1,104.1,94.0
2024-07-16,KXHIGHTDC,100.9,98.9,101.6,105.8,99.2
2024-07-17,KXHIGHTDC,100.6,91.9,96.6,103.3,93.1
2024-07-18,KXHIGHTDC,87.2,84.0,86.9,89.9,82.9
2024-07-19,KXHIGHTDC,87.5,82.1,84.9,90.8,79.3
2024-07-20,KXHIGHTDC,85.2,78.8,83.4,90.2,81.2
2024-07-21,KXHIGHTDC,92.3,87.5,88.4,97.1,85.6
2024-07-22,KXHIGHTDC,82.0,76.5,78.0,86.5,78.8
2024-07-23,KXHIGHTDC,91.7,86.4,88.4,92.2,85.6
2024-07-24,KXHIGHTDC,88.7,79.1,86.6,93.5,81.2
2024-07-25,KXHIGHTDC,86.7,79.5,84.7,92.2,82.9
2024-07-26,KXHIGHTDC,86.3,82.5,83.3,88.0,77.9
2024-07-27,KXHIGHTDC,88.7,85.0,87.1,91.7,84.6
2024-07-28,KXHIGHTDC,90.8,87.1,88.4,94.5,86.5
2024-07-29,KXHIGHTDC,93.8,90.8,91.3,97.9,88.1
2024-07-30,KXHIGHTDC,85.6,86.0,86.3,91.2,81.0
2024-07-31,KXHIGHTDC,93.3,91.4,92.5,99.0,90.4
2024-08-01,KXHIGHTDC,98.5,94.4,95.6,100.8,92.9
2024-08-02,KXHIGHTDC,101.0,97.0,97.3,104.1,91.0
2024-08-03,KXHIGHTDC,93.8,91.6,92.6,98.8,82.9
2024-08-04,KXHIGHTDC,88.1,85.1,86.3,94.0,83.0
2024-08-05,KXHIGHTDC,94.6,91.9,93.5,98.9,91.1
2024-08-06,KXHIGHTDC,95.7,90.7,91.7,99.3,87.2
2024-08-07,KXHIGHTDC,88.4,81.2,87.2,91.6,79.8
2024-08-08,KXHIGHTDC,78.4,76.6,80.3,82.4,79.0
2024-08-09,KXHIGHTDC,81.0,81.1,80.9,82.8,79.5
2024-08-10,KXHIGHTDC,91.0,85.8,87.8,93.5,84.7
2024-08-11,KXHIGHTDC,84.4,80.3,83.0,88.3,79.6
2024-08-12,KXHIGHTDC,84.2,80.6,83.9,88.3,81.2
2024-08-13,KXHIGHTDC,85.0,81.8,83.7,88.6,80.3
2024-08-14,KXHIGHTDC,85.4,83.0,85.6,89.8,82.9
2024-08-15,KXHIGHTDC,92.1,86.7,87.3,90.8,84.9
2024-08-16,KXHIGHTDC,88.3,85.5,88.1,92.1,86.9
2024-08-17,KXHIGHTDC,84.2,75.6,83.4,88.0,80.5
2024-08-18,KXHIGHTDC,88.3,83.6,85.4,91.4,79.3
2024-08-19,KXHIGHTDC,86.5,81.5,84.5,88.0,79.6
2024-08-20,KXHIGHTDC,74.0,71.5,73.7,78.3,70.9
2024-08-21,KXHIGHTDC,75.7,73.4,75.1,78.7,72.1
2024-08-22,KXHIGHTDC,78.9,76.2,77.3,81.8,74.2
2024-08-23,KXHIGHTDC,84.9,80.1,82.7,86.8,79.2
2024-08-24,KXHIGHTDC,85.8,82.0,84.0,88.7,80.9
2024-08-25,KXHIGHTDC,88.3,85.0,86.4,91.0,84.9
2024-08-26,KXHIGHTDC,87.9,85.2,87.2,89.6,83.4
2024-08-27,KXHIGHTDC,93.6,87.8,89.7,94.8,87.0
2024-08-28,KXHIGHTDC,97.9,95.8,97.3,101.2,92.1
2024-08-29,KXHIGHTDC,89.1,83.5,88.8,96.6,82.1
2024-08-30,KXHIGHTDC,74.3,75.4,76.3,77.2,73.1
2024-08-31,KXHIGHTDC,82.1,80.2,83.8,87.8,78.0
2024-09-01,KXHIGHTDC,86.3,79.4,82.7,86.4,81.3
2024-09-02,KXHIGHTDC,80.5,77.3,79.6,82.5,76.9
2024-09-03,KXHIGHTDC,76.6,73.9,75.5,79.0,72.4
2024-09-04,KXHIGHTDC,78.2,75.0,76.4,81.0,74.2
2024-09-05,KXHIGHTDC,79.3,77.0,77.3,81.8,74.8
2024-09-06,KXHIGHTDC,78.9,76.4,78.6,83.1,74.4
2024-09-07,KXHIGHTDC,73.7,74.2,72.3,77.2,69.1
2024-09-08,KXHIGHTDC,73.7,71.0,72.9,75.5,67.4
2024-09-09,KXHIGHTDC,79.4,76.1,77.3,80.6,74.5
2024-09-10,KXHIGHTDC,84.7,81.8,84.1,87.5,79.9
2024-09-11,KXHIGHTDC,84.7,82.6,83.9,88.5,80.5
2024-09-12,KXHIGHTDC,82.8,79.9,81.1,86.0,79.1
2024-09-13,KXHIGHTDC,80.8,79.7,79.7,85.2,75.7
2024-09-14,KXHIGHTDC,84.5,81.7,83.6,86.7,78.8
2024-09-15,KXHIGHTDC,82.8,80.1,81.8,85.8,74.8
2024-09-16,KXHIGHTDC,76.0,73.9,76.9,82.0,73.3
2024-09-17,KXHIGHTDC,77.2,77.3,77.1,80.8,75.6
2024-09-18,KXHIGHTDC,75.5,71.9,71.9,77.7,73.7
2024-09-19,KXHIGHTDC,82.5,80.9,82.0,85.9,75.8
2024-09-20,KXHIGHTDC,84.8,81.3,82.3,87.2,78.6
2024-09-21,KXHIGHTDC,82.3,79.7,80.6,85.4,74.3
2024-09-22,KXHIGHTDC,73.0,72.4,72.6,76.1,69.8
2024-09-23,KXHIGHTDC,67.2,66.5,69.1,70.7,70.2
2024-09-24,KXHIGHTDC,67.9,67.0,68.1,69.5,67.5
2024-09-25,KXHIGHTDC,71.9,71.9,72.0,71.8,72.5
2024-09-26,KXHIGHTDC,78.9,77.9,79.2,83.6,78.4
2024-09-27,KXHIGHTDC,76.5,73.8,75.5,78.1,76.2
2024-09-28,KXHIGHTDC,86.5,82.3,83.4,87.8,81.2
2024-09-29,KXHIGHTDC,70.3,68.4,72.8,74.2,71.9
2024-09-30,KXHIGHTDC,66.2,65.0,67.0,68.4,66.4
2024-10-01,KXHIGHTDC,66.3,66.1,66.7,69.0,68.0
2024-10-02,KXHIGHTDC,68.2,69.0,68.1,74.5,68.5
2024-10-03,KXHIGHTDC,76.7,75.1,76.6,81.3,71.7
2024-10-04,KXHIGHTDC,79.0,76.0,77.2,81.3,73.5
2024-10-05,KXHIGHTDC,79.7,76.3,77.9,79.6,75.0
2024-10-06,KXHIGHTDC,77.3,74.8,76.7,79.4,74.8
2024-10-07,KXHIGHTDC,74.8,72.2,73.7,76.3,72.4
2024-10-08,KXHIGHTDC,70.4,66.4,69.2,71.8,65.2
2024-10-09,KXHIGHTDC,72.3,69.2,72.1,74.2,68.5
2024-10-10,KXHIGHTDC,65.1,62.6,64.5,66.8,61.0
2024-10-11,KXHIGHTDC,69.7,66.6,68.7,70.8,64.6
2024-10-12,KXHIGHTDC,80.2,76.4,79.1,80.7,74.8
2024-10-13,KXHIGHTDC,79.1,78.2,80.0,81.7,79.5
2024-10-14,KXHIGHTDC,69.6,69.3,68.8,70.3,71.7
2024-10-15,KXHIGHTDC,58.0,56.1,58.2,60.1,57.2
2024-10-16,KXHIGHTDC,57.7,55.4,57.3,60.2,57.0
2024-10-17,KXHIGHTDC,60.9,59.3,60.5,62.4,57.6
2024-10-18,KXHIGHTDC,70.4,66.8,68.6,71.2,63.9
2024-10-19,KXHIGHTDC,73.5,69.8,71.9,73.9,67.8
2024-10-20,KXHIGHTDC,75.9,72.6,75.0,77.1,70.3
2024-10-21,KXHIGHTDC,79.8,76.0,79.4,80.6,73.2
2024-10-22,KXHIGHTDC,82.4,78.2,80.7,82.9,77.7
2024-10-23,KXHIGHTDC,78.1,75.1,76.8,79.5,74.4
2024-10-24,KXHIGHTDC,68.8,66.7,68.7,70.2,65.4
2024-10-25,KXHIGHTDC,67.6,64.7,66.4,69.2,63.3
2024-10-26,KXHIGHTDC,67.3,65.6,67.0,69.0,65.1
2024-10-27,KXHIGHTDC,59.8,57.0,58.5,60.6,54.9
2024-10-28,KXHIGHTDC,65.3,62.2,64.0,66.7,60.8
2024-10-29,KXHIGHTDC,68.2,65.6,67.2,69.1,64.9
2024-10-30,KXHIGHTDC,80.8,76.2,76.7,79.2,70.8
2024-10-31,KXHIGHTDC,81.6,79.2,81.1,82.5,77.6
2024-11-01,KXHIGHTDC,80.9,77.8,80.0,82.8,77.3
2024-11-02,KXHIGHTDC,63.9,62.6,63.7,65.4,60.0
2024-11-03,KXHIGHTDC,61.5,59.4,60.0,61.8,55.7
2024-11-04,KXHIGHTDC,62.8,60.6,62.0,64.5,60.1
2024-11-05,KXHIGHTDC,76.4,74.5,75.8,77.2,69.9
2024-11-06,KXHIGHTDC,82.0,80.1,81.4,82.3,75.2
2024-11-07,KXHIGHTDC,80.0,78.5,80.5,81.7,74.9
2024-11-08,KXHIGHTDC,73.2,70.5,72.4,71.5,66.5
2024-11-09,KXHIGHTDC,63.1,59.3,58.9,59.9,57.2
2024-11-10,KXHIGHTDC,59.0,57.5,59.5,58.6,57.9
2024-11-11,KXHIGHTDC,76.5,72.6,73.7,76.3,68.7
2024-11-12,KXHIGHTDC,64.4,59.9,59.4,61.7,60.4
2024-11-13,KXHIGHTDC,52.0,49.8,50.7,52.0,47.6
2024-11-14,KXHIGHTDC,51.5,49.4,51.4,52.1,52.0
2024-11-15,KXHIGHTDC,53.2,53.8,53.3,57.2,54.0
2024-11-16,KXHIGHTDC,61.5,59.8,59.3,61.3,58.2
2024-11-17,KXHIGHTDC,60.6,57.0,58.7,59.9,56.0
2024-11-18,KXHIGHTDC,71.2,67.9,69.2,69.3,64.5
2024-11-19,KXHIGHTDC,61.3,59.1,60.0,63.0,58.4
2024-11-20,KXHIGHTDC,63.4,62.7,63.8,66.6,60.4
2024-11-21,KXHIGHTDC,51.7,48.0,51.6,52.6,50.5
2024-11-22,KXHIGHTDC,41.9,41.0,42.2,41.1,42.3
2024-11-23,KXHIGHTDC,55.4,53.5,54.5,54.8,53.0
2024-11-24,KXHIGHTDC,58.9,55.3,58.1,58.3,54.0
2024-11-25,KXHIGHTDC,59.2,56.0,58.7,59.4,55.6
2024-11-26,KXHIGHTDC,63.8,62.3,62.8,63.5,60.1
2024-11-27,KXHIGHTDC,55.9,54.6,54.8,56.9,51.9
2024-11-28,KXHIGHTDC,53.4,51.3,53.4,55.6,53.8
2024-11-29,KXHIGHTDC,47.2,45.3,47.6,46.3,46.3
2024-11-30,KXHIGHTDC,38.0,36.1,37.9,39.0,36.3
2024-12-01,KXHIGHTDC,43.1,41.3,42.6,44.8,41.1
2024-12-02,KXHIGHTDC,39.9,38.5,39.8,40.9,37.9
2024-12-03,KXHIGHTDC,41.8,40.0,41.3,42.2,39.4
2024-12-04,KXHIGHTDC,42.7,40.2,41.9,42.4,41.4
2024-12-05,KXHIGHTDC,43.9,41.7,43.0,43.0,41.5
2024-12-06,KXHIGHTDC,36.8,35.3,36.6,37.7,35.2
2024-12-07,KXHIGHTDC,42.7,40.8,41.7,43.0,38.4
2024-12-08,KXHIGHTDC,65.5,62.0,63.7,63.9,58.4
2024-12-09,KXHIGHTDC,56.4,55.2,56.9,57.6,51.8
2024-12-10,KXHIGHTDC,49.6,52.8,55.4,58.9,56.9
2024-12-11,KXHIGHTDC,61.3,61.6,61.2,63.2,63.1
2024-12-12,KXHIGHTDC,46.2,44.0,44.5,45.1,42.8
2024-12-13,KXHIGHTDC,38.4,37.3,40.6,41.8,39.7
2024-12-14,KXHIGHTDC,39.7,36.8,39.5,40.3,36.2
2024-12-15,KXHIGHTDC,40.3,38.1,41.5,41.4,41.2
2024-12-16,KXHIGHTDC,45.0,46.7,46.1,49.4,49.3
2024-12-17,KXHIGHTDC,62.6,60.3,60.6,63.7,60.4
2024-12-18,KXHIGHTDC,56.1,53.3,53.9,57.4,54.6
2024-12-19,KXHIGHTDC,47.5,45.8,46.7,48.3,47.9
2024-12-20,KXHIGHTDC,38.8,38.0,42.0,40.9,40.6
2024-12-21,KXHIGHTDC,37.7,36.0,37.4,37.7,37.4
2024-12-22,KXHIGHTDC,33.9,31.4,32.9,33.3,28.7
2024-12-23,KXHIGHTDC,35.2,32.6,34.6,35.1,29.8
2024-12-24,KXHIGHTDC,42.9,37.6,40.2,40.3,38.7
2024-12-25,KXHIGHTDC,45.3,44.5,44.4,46.8,39.7
2024-12-26,KXHIGHTDC,39.6,39.9,41.1,40.6,37.3
2024-12-27,KXHIGHTDC,47.9,44.0,46.1,48.2,41.4
2024-12-28,KXHIGHTDC,50.9,51.2,50.5,50.3,52.2
2024-12-29,KXHIGHTDC,65.9,66.8,66.5,68.5,64.6
2024-12-30,KXHIGHTDC,61.9,58.8,60.3,61.0,60.5
2024-12-31,KXHIGHTDC,60.6,58.1,59.7,60.7,56.4
2025-01-01,KXHIGHTDC,49.6,47.0,48.8,49.6,49.2
2025-01-02,KXHIGHTDC,40.8,38.3,40.9,41.9,40.1
2025-01-03,KXHIGHTDC,42.9,40.8,42.7,44.1,40.2
2025-01-04,KXHIGHTDC,31.5,29.6,31.4,31.8,30.7
2025-01-05,KXHIGHTDC,34.8,33.5,35.0,35.4,31.7
2025-01-06,KXHIGHTDC,32.4,30.1,31.9,32.1,28.9
2025-01-07,KXHIGHTDC,34.6,31.8,34.0,35.7,31.1
2025-01-08,KXHIGHTDC,31.6,29.1,32.0,32.7,28.9
2025-01-09,KXHIGHTDC,31.3,28.5,31.6,32.0,26.8
2025-01-10,KXHIGHTDC,34.0,30.2,31.4,34.9,27.2
2025-01-11,KXHIGHTDC,36.3,32.5,36.1,36.9,31.6
2025-01-12,KXHIGHTDC,43.5,37.2,39.8,41.9,35.2
2025-01-13,KXHIGHTDC,49.2,42.2,45.5,48.8,40.3
2025-01-14,KXHIGHTDC,35.5,32.6,34.7,35.7,31.4
2025-01-15,KXHIGHTDC,31.8,29.3,30.5,32.6,26.1
2025-01-16,KXHIGHTDC,34.3,30.8,33.4,34.8,30.4
2025-01-17,KXHIGHTDC,42.9,40.5,42.8,45.8,38.1
2025-01-18,KXHIGHTDC,43.9,41.3,43.9,45.4,42.6
2025-01-19,KXHIGHTDC,39.5,37.2,40.2,39.3,37.0
2025-01-20,KXHIGHTDC,26.1,26.0,28.4,28.4,25.5
2025-01-21,KXHIGHTDC,20.9,19.5,20.6,22.6,16.8
2025-01-22,KXHIGHTDC,21.2,17.9,20.7,23.2,16.1
2025-01-23,KXHIGHTDC,28.9,27.4,28.7,32.2,27.3
2025-01-24,KXHIGHTDC,37.1,35.0,36.8,35.8,32.4
2025-01-25,KXHIGHTDC,39.5,36.6,38.3,40.3,34.1
2025-01-26,KXHIGHTDC,48.5,45.8,47.1,50.0,43.2
2025-01-27,KXHIGHTDC,49.6,46.1,47.6,50.0,40.2
2025-01-28,KXHIGHTDC,51.3,47.8,50.5,52.1,43.5
2025-01-29,KXHIGHTDC,59.7,57.2,59.7,60.9,52.0
2025-01-30,KXHIGHTDC,52.5,50.0,51.3,54.1,44.3
2025-01-31,KXHIGHTDC,51.8,50.3,51.5,54.0,51.7
2025-02-01,KXHIGHTDC,51.4,49.2,51.1,54.0,51.4
2025-02-02,KXHIGHTDC,38.8,34.3,38.3,39.6,37.9
2025-02-03,KXHIGHTDC,51.8,49.6,53.7,59.2,54.6
2025-02-04,KXHIGHTDC,60.4,56.4,56.1,59.8,53.6
2025-02-05,KXHIGHTDC,40.7,38.5,38.2,41.5,37.6
2025-02-06,KXHIGHTDC,43.3,48.0,46.6,45.3,42.3
2025-02-07,KXHIGHTDC,50.5,47.5,50.1,50.5,45.8
2025-02-08,KXHIGHTDC,36.2,34.8,35.9,35.3,34.3
2025-02-09,KXHIGHTDC,45.3,44.2,45.0,46.1,43.9
2025-02-10,KXHIGHTDC,44.8,43.5,43.9,45.6,40.3
2025-02-11,KXHIGHTDC,37.1,35.1,36.3,36.3,36.3
2025-02-12,KXHIGHTDC,34.5,34.7,35.5,35.2,36.1
2025-02-13,KXHIGHTDC,51.9,50.3,49.3,54.9,49.6
2025-02-14,KXHIGHTDC,41.7,39.1,40.2,41.4,37.0
2025-02-15,KXHIGHTDC,40.2,37.1,40.9,39.3,38.2
2025-02-16,KXHIGHTDC,59.1,56.6,60.5,60.6,62.9
2025-02-17,KXHIGHTDC,41.1,38.8,40.6,41.3,39.0
2025-02-18,KXHIGHTDC,35.1,32.0,33.6,34.0,32.5
2025-02-19,KXHIGHTDC,25.2,23.4,25.0,25.7,25.9
2025-02-20,KXHIGHTDC,28.6,26.5,29.1,30.1,26.4
2025-02-21,KXHIGHTDC,37.9,36.5,37.1,39.4,34.3
2025-02-22,KXHIGHTDC,43.1,40.8,39.6,44.6,37.2
2025-02-23,KXHIGHTDC,51.7,48.2,49.1,52.4,44.0
2025-02-24,KXHIGHTDC,56.5,53.9,55.7,57.7,50.8
2025-02-25,KXHIGHTDC,65.8,60.5,62.2,66.2,57.5
2025-02-26,KXHIGHTDC,66.0,63.0,64.3,67.6,59.9
2025-02-27,KXHIGHTDC,63.5,60.3,62.4,63.2,60.7
2025-02-28,KXHIGHTDC,55.9,52.7,54.9,57.4,51.0
2025-03-01,KXHIGHTDC,65.4,59.5,61.8,65.3,59.5
2025-03-02,KXHIGHTDC,38.8,36.6,38.7,40.0,36.5
2025-03-03,KXHIGHTDC,45.8,41.8,44.3,46.7,40.8
2025-03-04,KXHIGHTDC,63.3,60.3,61.9,64.5,57.9
2025-03-05,KXHIGHTDC,59.9,59.5,59.2,63.1,59.2
2025-03-06,KXHIGHTDC,53.6,52.9,53.9,53.5,55.9
2025-03-07,KXHIGHTDC,55.9,52.1,54.1,56.5,50.6
2025-03-08,KXHIGHTDC,51.3,48.9,49.5,52.9,48.9
2025-03-09,KXHIGHTDC,60.2,57.0,58.5,61.3,55.6
2025-03-10,KXHIGHTDC,66.5,63.1,64.7,68.2,61.0
2025-03-11,KXHIGHTDC,72.4,69.0,69.2,73.3,65.8
2025-03-12,KXHIGHTDC,66.1,62.2,63.5,68.5,59.7
2025-03-13,KXHIGHTDC,51.1,52.2,53.0,57.7,51.6
2025-03-14,KXHIGHTDC,50.0,52.1,50.8,59.1,50.7
2025-03-15,KXHIGHTDC,60.0,57.7,57.5,64.4,56.8
2025-03-16,KXHIGHTDC,73.9,69.4,70.1,75.4,69.8
2025-03-17,KXHIGHTDC,59.4,60.5,62.6,61.6,63.5
2025-03-18,KXHIGHTDC,68.0,62.8,65.2,68.3,61.5
2025-03-19,KXHIGHTDC,75.5,72.0,73.8,76.3,70.4
2025-03-20,KXHIGHTDC,75.7,72.6,73.7,78.0,71.7
2025-03-21,KXHIGHTDC,57.7,55.7,57.4,58.5,54.9
2025-03-22,KXHIGHTDC,66.7,63.8,65.7,69.3,65.1
2025-03-23,KXHIGHTDC,58.6,54.2,56.6,59.8,50.9
2025-03-24,KXHIGHTDC,58.8,59.3,60.2,62.8,60.8
2025-03-25,KXHIGHTDC,64.0,62.9,61.9,66.1,60.8
2025-03-26,KXHIGHTDC,53.1,50.7,52.4,55.2,53.2
2025-03-27,KXHIGHTDC,59.5,56.6,57.9,60.9,54.7
2025-03-28,KXHIGHTDC,71.6,70.8,68.7,75.5,68.2
2025-03-29,KXHIGHTDC,83.9,79.4,81.2,86.4,80.9
2025-03-30,KXHIGHTDC,81.3,79.8,80.5,85.2,78.2
2025-03-31,KXHIGHTDC,84.3,81.8,81.7,87.1,79.5
2025-04-01,KXHIGHTDC,61.8,60.0,61.4,63.7,61.1
2025-04-02,KXHIGHTDC,59.5,57.2,58.6,63.0,57.2
2025-04-03,KXHIGHTDC,80.3,78.3,76.2,84.6,78.2
2025-04-04,KXHIGHTDC,75.1,74.1,71.5,77.4,73.1
2025-04-05,KXHIGHTDC,76.9,74.7,78.2,83.2,69.7
2025-04-06,KXHIGHTDC,61.9,62.7,63.7,66.3,71.1
2025-04-07,KXHIGHTDC,52.3,53.0,53.2,56.5,54.3
2025-04-08,KXHIGHTDC,49.2,46.2,47.2,49.8,51.0
2025-04-09,KXHIGHTDC,54.4,51.2,52.3,55.6,49.8
2025-04-10,KXHIGHTDC,58.9,57.6,58.2,61.0,56.9
2025-04-11,KXHIGHTDC,48.2,47.2,48.9,50.7,48.0
2025-04-12,KXHIGHTDC,51.4,51.1,51.7,52.6,51.4
2025-04-13,KXHIGHTDC,62.2,60.2,61.7,65.1,60.9
2025-04-14,KXHIGHTDC,75.3,72.2,73.6,79.0,68.0
2025-04-15,KXHIGHTDC,68.7,65.1,66.1,71.1,67.5
2025-04-16,KXHIGHTDC,61.3,57.6,59.5,63.6,58.6
2025-04-17,KXHIGHTDC,64.8,60.9,63.6,67.1,60.9
2025-04-18,KXHIGHTDC,80.9,77.1,79.9,82.6,76.3
2025-04-19,KXHIGHTDC,82.7,79.5,82.1,87.6,82.3
2025-04-20,KXHIGHTDC,76.7,74.0,75.2,80.6,74.5
2025-04-21,KXHIGHTDC,76.6,74.6,74.4,78.5,69.2
2025-04-22,KXHIGHTDC,80.7,77.8,80.0,84.3,77.9
2025-04-23,KXHIGHTDC,79.2,74.8,76.3,80.7,74.2
2025-04-24,KXHIGHTDC,79.7,77.6,78.8,83.5,78.5
2025-04-25,KXHIGHTDC,79.3,75.6,77.3,82.6,76.0
2025-04-26,KXHIGHTDC,73.3,74.0,76.4,79.2,72.2
2025-04-27,KXHIGHTDC,70.8,67.3,69.3,71.0,68.0
2025-04-28,KXHIGHTDC,74.9,72.2,73.2,79.6,72.6
2025-04-29,KXHIGHTDC,83.1,82.2,83.4,88.1,81.5
2025-04-30,KXHIGHTDC,83.4,83.2,81.9,87.9,81.1
2025-05-01,KXHIGHTDC,82.9,80.9,83.6,89.6,73.6
2025-05-02,KXHIGHTDC,87.7,84.1,84.8,88.5,82.6
2025-05-03,KXHIGHTDC,86.2,80.9,82.9,89.0,80.5
2025-05-04,KXHIGHTDC,73.9,72.5,71.8,77.2,69.8
2025-05-05,KXHIGHTDC,73.2,71.4,71.9,74.2,68.5
2025-05-06,KXHIGHTDC,70.5,69.6,73.3,77.1,70.1
2025-05-07,KXHIGHTDC,73.9,72.0,73.8,78.6,71.3
2025-05-08,KXHIGHTDC,79.7,75.2,78.0,83.8,73.7
2025-05-09,KXHIGHTDC,65.2,60.6,65.0,66.3,65.3
2025-05-10,KXHIGHTDC,75.5,71.6,74.9,77.2,71.6
2025-05-11,KXHIGHTDC,85.2,80.0,81.8,86.6,80.2
2025-05-12,KXHIGHTDC,81.4,76.4,78.1,82.8,77.4
2025-05-13,KXHIGHTDC,67.6,65.9,67.7,69.7,67.8
2025-05-14,KXHIGHTDC,71.5,71.4,73.4,78.3,70.3
2025-05-15,KXHIGHTDC,79.2,77.0,79.2,83.4,76.2
2025-05-16,KXHIGHTDC,90.8,81.5,88.2,93.4,80.6
2025-05-17,KXHIGHTDC,89.0,83.4,86.5,89.9,87.1
2025-05-18,KXHIGHTDC,78.2,74.2,76.6,81.5,76.3
2025-05-19,KXHIGHTDC,77.0,73.7,76.2,80.8,73.1
2025-05-20,KXHIGHTDC,71.3,68.5,71.8,76.4,67.4
2025-05-21,KXHIGHTDC,63.0,59.2,61.7,63.9,64.7
2025-05-22,KXHIGHTDC,67.0,64.1,66.5,69.2,62.2
2025-05-23,KXHIGHTDC,68.3,65.4,67.2,71.6,65.6
2025-05-24,KXHIGHTDC,71.8,66.5,70.6,74.5,67.6
2025-05-25,KXHIGHTDC,73.0,69.4,71.8,76.3,69.3
2025-05-26,KXHIGHTDC,73.2,70.4,71.9,75.4,69.8
2025-05-27,KXHIGHTDC,69.1,67.7,67.5,74.5,68.8
2025-05-28,KXHIGHTDC,59.0,58.5,59.7,59.3,60.6
2025-05-29,KXHIGHTDC,71.6,72.2,72.3,79.7,71.6
2025-05-30,KXHIGHTDC,81.1,76.5,78.3,85.3,76.4
2025-05-31,KXHIGHTDC,70.3,68.1,71.1,75.4,68.0
2025-06-01,KXHIGHTDC,72.8,69.6,70.9,77.1,70.2
2025-06-02,KXHIGHTDC,76.6,72.7,74.7,79.3,72.1
2025-06-03,KXHIGHTDC,84.6,80.6,80.6,88.2,80.8
2025-06-04,KXHIGHTDC,88.3,85.6,85.4,92.5,86.3
2025-06-05,KXHIGHTDC,86.6,86.2,83.6,91.6,84.9
2025-06-06,KXHIGHTDC,86.5,83.2,83.9,91.0,84.4
2025-06-07,KXHIGHTDC,86.5,81.9,83.3,87.8,79.7
2025-06-08,KXHIGHTDC,74.8,71.8,72.4,75.9,74.0
2025-06-09,KXHIGHTDC,83.8,79.9,83.4,88.1,78.8
2025-06-10,KXHIGHTDC,86.9,83.4,84.5,89.8,82.9
2025-06-11,KXHIGHTDC,87.9,84.7,84.0,90.7,83.8
2025-06-12,KXHIGHTDC,93.7,91.5,90.1,96.9,88.7
2025-06-13,KXHIGHTDC,94.6,88.9,89.5,96.0,87.4
2025-06-14,KXHIGHTDC,83.5,82.4,82.4,89.2,79.6
2025-06-15,KXHIGHTDC,71.8,70.2,71.6,71.2,72.4
2025-06-16,KXHIGHTDC,66.5,69.6,66.5,69.1,70.1
2025-06-17,KXHIGHTDC,78.1,80.6,78.9,83.3,77.1
2025-06-18,KXHIGHTDC,87.5,82.9,87.4,91.2,83.4
2025-06-19,KXHIGHTDC,94.6,89.0,90.1,95.9,89.1
2025-06-20,KXHIGHTDC,88.1,84.5,85.2,91.4,85.3
2025-06-21,KXHIGHTDC,94.4,89.0,88.7,96.1,89.3
2025-06-22,KXHIGHTDC,96.6,95.3,92.6,100.6,93.2
2025-06-23,KXHIGHTDC,99.0,99.1,96.3,103.3,96.3
2025-06-24,KXHIGHTDC,100.5,100.0,97.1,104.2,97.5
2025-06-25,KXHIGHTDC,102.8,96.8,97.3,104.7,97.5
2025-06-26,KXHIGHTDC,97.0,94.7,94.8,101.4,91.9
2025-06-27,KXHIGHTDC,75.1,75.3,78.0,76.3,80.2
2025-06-28,KXHIGHTDC,89.2,87.9,88.1,94.4,86.0
2025-06-29,KXHIGHTDC,93.3,91.6,92.1,98.8,89.6
2025-06-30,KXHIGHTDC,93.0,86.3,90.5,98.7,88.8
2025-07-01,KXHIGHTDC,91.9,87.3,91.2,95.3,87.2
2025-07-02,KXHIGHTDC,86.5,82.1,86.3,90.5,83.4
2025-07-03,KXHIGHTDC,94.5,88.8,89.7,95.9,89.7
2025-07-04,KXHIGHTDC,89.6,86.5,87.4,93.1,83.8
2025-07-05,KXHIGHTDC,89.0,89.4,86.8,93.4,87.2
2025-07-06,KXHIGHTDC,88.9,87.4,86.2,92.4,86.0
2025-07-07,KXHIGHTDC,92.8,89.3,87.8,93.5,86.4
2025-07-08,KXHIGHTDC,97.6,94.4,93.7,97.9,91.7
2025-07-09,KXHIGHTDC,92.4,90.8,89.9,96.1,87.0
2025-07-10,KXHIGHTDC,84.1,79.3,82.7,88.0,81.4
2025-07-11,KXHIGHTDC,94.5,88.1,89.8,94.6,86.8
2025-07-12,KXHIGHTDC,89.2,86.0,88.9,91.8,86.5
2025-07-13,KXHIGHTDC,85.2,84.7,82.5,92.5,83.4
2025-07-14,KXHIGHTDC,90.0,84.0,87.5,95.3,83.3
2025-07-15,KXHIGHTDC,89.2,87.3,88.2,93.3,86.0
2025-07-16,KXHIGHTDC,89.9,88.1,89.1,94.8,87.8
2025-07-17,KXHIGHTDC,96.3,92.2,93.5,97.9,91.4
2025-07-18,KXHIGHTDC,88.8,87.1,85.7,92.9,84.1
2025-07-19,KXHIGHTDC,88.4,85.9,86.8,94.4,82.0
2025-07-20,KXHIGHTDC,92.0,89.0,91.4,95.2,87.7
2025-07-21,KXHIGHTDC,89.6,85.8,87.1,92.7,84.3
2025-07-22,KXHIGHTDC,87.4,84.2,85.4,91.5,83.2
2025-07-23,KXHIGHTDC,86.5,84.7,85.5,89.8,84.4
2025-07-24,KXHIGHTDC,89.9,88.1,88.1,94.1,88.2
2025-07-25,KXHIGHTDC,96.9,93.8,95.0,101.3,91.8
2025-07-26,KXHIGHTDC,92.8,89.5,91.2,97.4,89.2
2025-07-27,KXHIGHTDC,91.9,86.3,89.0,96.0,84.2
2025-07-28,KXHIGHTDC,96.3,94.4,91.3,98.1,91.3
2025-07-29,KXHIGHTDC,98.4,94.9,93.0,100.6,92.8
2025-07-30,KXHIGHTDC,96.6,95.0,92.7,99.9,91.0
2025-07-31,KXHIGHTDC,95.6,83.9,88.6,96.1,84.4
2025-08-01,KXHIGHTDC,74.1,74.1,74.8,76.5,73.9
2025-08-02,KXHIGHTDC,81.9,78.1,78.4,84.4,78.3
2025-08-03,KXHIGHTDC,84.0,80.5,80.4,86.3,79.8
2025-08-04,KXHIGHTDC,87.5,83.6,84.6,89.7,82.9
2025-08-05,KXHIGHTDC,83.6,80.8,79.1,82.5,80.2
2025-08-06,KXHIGHTDC,80.2,76.4,75.9,80.8,77.8
2025-08-07,KXHIGHTDC,83.1,80.5,81.2,86.4,79.3
2025-08-08,KXHIGHTDC,82.6,80.5,80.0,85.9,79.3
2025-08-09,KXHIGHTDC,84.6,81.8,82.8,86.3,80.7
2025-08-10,KXHIGHTDC,87.3,85.3,84.2,90.0,82.9
2025-08-11,KXHIGHTDC,88.7,87.0,85.9,91.6,82.9
2025-08-12,KXHIGHTDC,89.7,90.4,87.4,93.7,86.5
2025-08-13,KXHIGHTDC,89.6,78.9,85.2,94.8,82.3
2025-08-14,KXHIGHTDC,93.1,83.0,88.1,91.2,82.3
2025-08-15,KXHIGHTDC,92.9,86.3,89.9,91.1,84.3
2025-08-16,KXHIGHTDC,91.4,88.1,89.5,95.7,82.3
2025-08-17,KXHIGHTDC,97.0,95.6,92.0,99.3,88.9
2025-08-18,KXHIGHTDC,75.8,76.8,74.6,78.4,77.7
2025-08-19,KXHIGHTDC,73.1,72.5,73.1,76.5,71.5
2025-08-20,KXHIGHTDC,82.4,79.7,80.1,85.9,75.7
2025-08-21,KXHIGHTDC,74.1,72.8,72.2,74.7,73.9
2025-08-22,KXHIGHTDC,84.4,81.3,82.0,86.1,79.6
2025-08-23,KXHIGHTDC,83.8,83.0,81.8,86.1,80.6
2025-08-24,KXHIGHTDC,85.1,84.3,82.3,88.8,79.7
2025-08-25,KXHIGHTDC,84.2,82.3,81.9,86.7,80.9
2025-08-26,KXHIGHTDC,80.4,79.3,78.2,83.8,75.9
2025-08-27,KXHIGHTDC,77.7,75.5,76.1,80.8,73.9
2025-08-28,KXHIGHTDC,82.4,79.3,79.7,84.9,77.6
2025-08-29,KXHIGHTDC,81.8,79.5,80.0,83.8,75.9
2025-08-30,KXHIGHTDC,77.8,76.8,75.7,79.5,71.3
2025-08-31,KXHIGHTDC,79.0,79.0,77.4,82.6,74.9
2025-09-01,KXHIGHTDC,79.5,78.5,78.2,82.4,78.2
2025-09-02,KXHIGHTDC,77.4,76.9,76.3,80.8,73.9
2025-09-03,KXHIGHTDC,82.3,83.1,80.4,85.2,78.5
2025-09-04,KXHIGHTDC,85.4,80.5,84.9,88.7,84.4
2025-09-05,KXHIGHTDC,88.9,88.1,88.7,91.6,85.2
2025-09-06,KXHIGHTDC,89.4,88.3,89.3,92.5,86.3
2025-09-07,KXHIGHTDC,76.8,75.6,74.5,79.0,72.1
2025-09-08,KXHIGHTDC,75.6,73.7,74.7,77.4,72.6
2025-09-09,KXHIGHTDC,76.1,74.2,74.5,78.1,73.7
2025-09-10,KXHIGHTDC,69.8,70.8,67.5,72.7,70.6
2025-09-11,KXHIGHTDC,80.9,77.3,78.5,83.1,77.7
2025-09-12,KXHIGHTDC,83.5,80.2,81.5,84.1,81.0
2025-09-13,KXHIGHTDC,83.7,83.1,81.9,85.3,81.0
2025-09-14,KXHIGHTDC,86.2,84.2,85.8,88.0,82.1
2025-09-15,KXHIGHTDC,81.7,79.5,80.8,83.8,79.9
2025-09-16,KXHIGHTDC,71.3,72.4,68.3,71.9,69.9
2025-09-17,KXHIGHTDC,67.2,68.8,66.9,68.4,68.2
2025-09-18,KXHIGHTDC,83.5,80.0,81.8,86.2,79.4
2025-09-19,KXHIGHTDC,90.1,86.5,87.6,91.3,86.0
2025-09-20,KXHIGHTDC,76.2,73.3,78.1,80.5,77.2
2025-09-21,KXHIGHTDC,74.7,72.5,72.9,75.0,71.5
2025-09-22,KXHIGHTDC,79.0,77.0,77.1,81.0,77.0
2025-09-23,KXHIGHTDC,84.6,80.9,83.3,86.5,78.9
2025-09-24,KXHIGHTDC,78.5,74.1,76.1,82.8,75.4
2025-09-25,KXHIGHTDC,81.1,78.7,79.6,86.8,79.2
2025-09-26,KXHIGHTDC,83.7,80.5,82.7,86.2,80.1
2025-09-27,KXHIGHTDC,78.5,73.7,75.9,78.0,75.4
2025-09-28,KXHIGHTDC,84.5,81.7,82.2,86.1,79.7
2025-09-29,KXHIGHTDC,78.5,75.3,77.3,81.6,77.6
2025-09-30,KXHIGHTDC,76.4,74.6,74.5,79.0,77.0
2025-10-01,KXHIGHTDC,75.0,71.9,73.4,75.4,71.5
2025-10-02,KXHIGHTDC,71.6,70.0,70.1,73.6,68.9
2025-10-03,KXHIGHTDC,73.0,70.6,71.0,74.3,70.3
2025-10-04,KXHIGHTDC,79.8,77.5,77.6,80.8,76.6
2025-10-05,KXHIGHTDC,81.3,79.6,78.7,81.7,78.2
2025-10-06,KXHIGHTDC,81.8,82.4,80.5,83.8,80.1
2025-10-07,KXHIGHTDC,80.9,80.7,80.3,83.5,78.7
2025-10-08,KXHIGHTDC,72.5,69.9,70.0,72.2,74.5
2025-10-09,KXHIGHTDC,65.0,64.0,64.6,67.4,63.7
2025-10-10,KXHIGHTDC,65.4,64.3,63.9,69.3,63.2
2025-10-11,KXHIGHTDC,71.8,69.1,69.9,74.6,68.2
2025-10-12,KXHIGHTDC,64.8,64.7,64.7,66.4,67.5
2025-10-13,KXHIGHTDC,62.1,62.4,60.3,61.6,62.3
2025-10-14,KXHIGHTDC,65.8,65.0,65.6,69.5,66.1
2025-10-15,KXHIGHTDC,72.8,71.2,71.9,75.0,69.8
2025-10-16,KXHIGHTDC,64.7,62.9,64.3,65.5,62.8
2025-10-17,KXHIGHTDC,66.7,64.8,64.7,67.3,62.8
2025-10-18,KXHIGHTDC,73.7,70.9,71.6,74.7,70.6
2025-10-19,KXHIGHTDC,74.8,74.6,75.6,76.5,75.7
2025-10-20,KXHIGHTDC,67.0,65.5,66.0,67.7,65.0
2025-10-21,KXHIGHTDC,71.5,69.9,71.9,73.6,71.4
2025-10-22,KXHIGHTDC,66.4,64.7,65.4,67.9,64.8
2025-10-23,KXHIGHTDC,64.0,61.1,63.0,65.6,61.3
2025-10-24,KXHIGHTDC,59.8,57.8,59.4,62.4,58.7
2025-10-25,KXHIGHTDC,60.7,58.8,58.6,61.9,58.0
2025-10-26,KXHIGHTDC,62.6,62.0,60.7,64.2,59.8
2025-10-27,KXHIGHTDC,62.1,60.2,61.7,63.0,59.4
2025-10-28,KXHIGHTDC,56.8,56.3,57.7,58.4,56.1
2025-10-29,KXHIGHTDC,58.4,56.9,56.4,59.0,55.0
2025-10-30,KXHIGHTDC,67.0,65.1,64.4,69.5,65.7
2025-10-31,KXHIGHTDC,62.1,59.0,60.9,62.7,59.9
2025-11-01,KXHIGHTDC,64.0,61.8,62.8,64.1,61.6
2025-11-02,KXHIGHTDC,66.4,63.7,63.9,67.7,62.6
2025-11-03,KXHIGHTDC,66.1,63.0,64.2,67.0,61.3
2025-11-04,KXHIGHTDC,64.1,61.6,63.9,64.9,61.5
2025-11-05,KXHIGHTDC,72.5,68.3,70.6,70.2,68.3
2025-11-06,KXHIGHTDC,66.5,61.5,61.9,64.9,61.6
2025-11-07,KXHIGHTDC,64.0,61.9,63.2,63.6,62.3
2025-11-08,KXHIGHTDC,70.7,67.7,69.2,71.4,66.0
2025-11-09,KXHIGHTDC,63.5,67.5,67.2,70.8,64.3
2025-11-10,KXHIGHTDC,53.8,54.6,53.1,54.4,57.7
2025-11-11,KXHIGHTDC,45.0,42.9,44.8,44.8,42.8
2025-11-12,KXHIGHTDC,60.4,57.5,59.5,60.5,55.8
2025-11-13,KXHIGHTDC,59.0,56.6,57.7,59.2,55.7
2025-11-14,KXHIGHTDC,55.9,53.5,56.8,59.2,54.5
2025-11-15,KXHIGHTDC,62.8,62.5,60.7,61.9,63.7
2025-11-16,KXHIGHTDC,65.8,64.9,61.7,64.1,63.8
2025-11-17,KXHIGHTDC,51.1,50.0,50.1,51.3,47.8
2025-11-18,KXHIGHTDC,50.9,50.3,47.9,50.5,48.4
2025-11-19,KXHIGHTDC,47.3,48.4,48.3,51.1,48.6
2025-11-20,KXHIGHTDC,48.7,46.2,48.0,50.5,46.9
2025-11-21,KXHIGHTDC,56.1,55.0,54.4,57.9,54.1
2025-11-22,KXHIGHTDC,56.6,55.3,54.4,59.3,56.4
2025-11-23,KXHIGHTDC,63.2,59.5,60.1,62.7,57.1
2025-11-24,KXHIGHTDC,60.4,56.8,57.6,56.8,52.9
2025-11-25,KXHIGHTDC,55.1,53.0,55.7,55.3,55.5
2025-11-26,KXHIGHTDC,71.5,67.4,68.6,72.4,65.8
2025-11-27,KXHIGHTDC,48.6,46.7,47.5,48.3,50.5
2025-11-28,KXHIGHTDC,41.2,38.7,41.1,41.9,40.5
2025-11-29,KXHIGHTDC,43.9,41.3,42.8,44.2,40.0
2025-11-30,KXHIGHTDC,40.8,42.0,40.9,41.4,44.6
2025-12-01,KXHIGHTDC,45.5,43.8,44.0,46.0,42.7
2025-12-02,KXHIGHTDC,40.5,38.9,39.8,38.1,38.6
2025-12-03,KXHIGHTDC,44.0,42.3,42.8,43.6,39.8
2025-12-04,KXHIGHTDC,44.9,43.0,44.6,45.1,42.3
2025-12-05,KXHIGHTDC,33.9,31.4,32.3,33.0,33.4
2025-12-06,KXHIGHTDC,44.5,37.8,41.2,44.5,39.3
2025-12-07,KXHIGHTDC,43.5,40.7,41.3,45.2,41.2
2025-12-08,KXHIGHTDC,34.8,34.7,33.8,34.1,35.7
2025-12-09,KXHIGHTDC,32.6,34.1,32.2,34.0,30.7
2025-12-10,KXHIGHTDC,44.2,43.3,44.4,46.3,44.2
2025-12-11,KXHIGHTDC,41.3,40.9,39.3,42.1,42.9
2025-12-12,KXHIGHTDC,39.0,36.3,38.0,37.6,36.1
2025-12-13,KXHIGHTDC,44.7,42.2,43.5,44.4,40.2
2025-12-14,KXHIGHTDC,38.6,35.8,37.1,39.2,35.7
2025-12-15,KXHIGHTDC,28.9,25.7,27.9,29.2,28.7
2025-12-16,KXHIGHTDC,41.6,36.9,37.7,39.5,34.1
2025-12-17,KXHIGHTDC,52.9,50.3,50.7,55.4,48.0
2025-12-18,KXHIGHTDC,57.6,51.1,56.0,57.9,51.9
2025-12-19,KXHIGHTDC,58.9,58.1,58.6,59.8,59.3
2025-12-20,KXHIGHTDC,45.1,41.8,43.7,45.1,41.5
2025-12-21,KXHIGHTDC,50.2,47.6,48.9,50.2,46.9
2025-12-22,KXHIGHTDC,47.1,44.2,45.5,46.5,40.1
2025-12-23,KXHIGHTDC,43.8,44.5,46.2,52.2,46.7
2025-12-24,KXHIGHTDC,56.7,54.1,53.8,55.6,50.2
2025-12-25,KXHIGHTDC,57.7,54.9,54.9,57.8,51.7
2025-12-26,KXHIGHTDC,43.3,39.4,37.7,42.5,39.7
2025-12-27,KXHIGHTDC,43.8,41.3,41.6,44.8,42.6
2025-12-28,KXHIGHTDC,43.3,44.0,42.9,43.6,43.2
2025-12-29,KXHIGHTDC,58.7,55.3,59.3,63.4,59.5
2025-12-30,KXHIGHTDC,34.2,32.8,34.8,34.9,34.4
2025-12-31,KXHIGHTDC,36.6,36.4,37.6,38.8,35.2
2026-01-01,KXHIGHTDC,37.1,34.7,36.0,35.8,35.2
2026-01-02,KXHIGHTDC,37.5,33.9,34.8,34.8,36.2
2026-01-03,KXHIGHTDC,35.9,34.4,35.3,36.0,34.3
2026-01-04,KXHIGHTDC,41.9,39.9,40.2,42.8,37.9
2026-01-05,KXHIGHTDC,41.6,40.5,40.6,43.3,41.0
2026-01-06,KXHIGHTDC,48.6,43.5,47.0,51.4,48.7
2026-01-07,KXHIGHTDC,61.9,59.4,61.1,62.1,57.8
2026-01-08,KXHIGHTDC,56.8,53.7,56.6,56.3,50.5
2026-01-09,KXHIGHTDC,50.6,53.8,54.1,57.2,55.9
2026-01-10,KXHIGHTDC,52.0,52.8,53.9,55.2,54.7
2026-01-11,KXHIGHTDC,47.5,47.0,48.0,48.7,49.0
2026-01-12,KXHIGHTDC,48.7,44.9,46.4,47.5,43.0
2026-01-13,KXHIGHTDC,53.3,49.0,52.1,51.4,49.3
2026-01-14,KXHIGHTDC,53.1,49.3,50.9,53.4,52.7
2026-01-15,KXHIGHTDC,45.4,43.8,43.0,47.0,46.4
2026-01-16,KXHIGHTDC,35.1,35.6,35.6,35.4,34.1
2026-01-17,KXHIGHTDC,43.8,42.1,43.9,46.1,40.1
2026-01-18,KXHIGHTDC,37.4,36.1,36.9,37.4,38.5
2026-01-19,KXHIGHTDC,42.0,41.4,41.0,41.6,38.2
2026-01-20,KXHIGHTDC,32.0,30.0,31.4,32.6,30.4
2026-01-21,KXHIGHTDC,42.1,40.7,41.7,42.7,37.8
2026-01-22,KXHIGHTDC,56.6,53.4,54.3,56.0,48.5
2026-01-23,KXHIGHTDC,45.0,44.3,45.1,47.5,42.5
2026-01-24,KXHIGHTDC,22.1,20.8,22.6,22.4,23.4
2026-01-25,KXHIGHTDC,24.7,24.6,22.6,21.9,25.6
2026-01-26,KXHIGHTDC,27.1,24.8,26.4,28.6,27.0
2026-01-27,KXHIGHTDC,28.7,24.8,28.6,31.0,22.7
2026-01-28,KXHIGHTDC,25.3,22.6,24.6,26.8,20.4
2026-01-29,KXHIGHTDC,24.1,21.5,25.9,26.6,20.4
2026-01-30,KXHIGHTDC,20.9,18.8,22.0,24.5,17.8
2026-01-31,KXHIGHTDC,21.7,20.2,22.2,24.6,19.1
2026-02-01,KXHIGHTDC,26.3,23.0,26.0,28.5,22.4
2026-02-02,KXHIGHTDC,33.4,30.4,33.9,36.3,27.7
2026-02-03,KXHIGHTDC,39.6,36.9,39.5,42.3,35.7
2026-02-04,KXHIGHTDC,37.0,35.3,37.6,40.3,32.2
2026-02-05,KXHIGHTDC,34.1,32.0,34.1,36.3,28.0
2026-02-06,KXHIGHTDC,32.5,29.6,32.3,33.9,29.9
2026-02-07,KXHIGHTDC,31.9,29.7,29.7,33.1,29.6
2026-02-08,KXHIGHTDC,24.7,22.7,25.2,27.4,20.4
2026-02-09,KXHIGHTDC,33.7,31.2,33.2,35.6,26.6
2026-02-10,KXHIGHTDC,49.6,40.9,43.9,48.6,40.4
2026-02-11,KXHIGHTDC,50.0,46.3,48.9,51.1,44.7
2026-02-12,KXHIGHTDC,38.8,35.3,37.5,40.3,36.3
2026-02-13,KXHIGHTDC,38.9,35.0,37.3,39.6,32.3
2026-02-14,KXHIGHTDC,58.5,54.2,53.9,56.9,46.8
2026-02-15,KXHIGHTDC,49.0,41.8,43.8,42.7,45.9
2026-02-16,KXHIGHTDC,42.4,46.4,46.5,50.5,41.5
2026-02-17,KXHIGHTDC,47.3,51.2,47.1,52.9,46.1
2026-02-18,KXHIGHTDC,48.7,55.9,54.2,61.3,58.9
2026-02-19,KXHIGHTDC,44.6,48.3,52.1,52.6,53.0
2026-02-20,KXHIGHTDC,53.9,58.5,54.2,59.0,51.0
2026-02-21,KXHIGHTDC,54.1,51.7,52.4,54.7,51.0
2026-02-22,KXHIGHTDC,40.5,39.2,38.2,40.0,43.1
2026-02-23,KXHIGHTDC,39.6,38.6,39.7,41.3,42.3
2026-02-24,KXHIGHTDC,38.5,36.8,38.0,40.3,33.9
2026-02-25,KXHIGHTDC,55.2,51.8,54.7,58.6,51.3
2026-02-26,KXHIGHTDC,51.6,51.7,51.0,52.3,49.5
2026-02-27,KXHIGHTDC,57.1,53.2,53.7,57.7,49.9
2026-02-28,KXHIGHTDC,65.1,60.9,61.0,64.6,58.1
2026-03-01,KXHIGHTDC,55.7,53.2,54.6,56.5,51.4
2026-03-02,KXHIGHTDC,37.1,35.5,35.0,39.2,39.0
2026-03-03,KXHIGHTDC,39.9,41.3,41.3,38.6,45.6
2026-03-04,KXHIGHTDC,49.9,51.2,51.3,50.9,53.2
2026-03-05,KXHIGHTDC,57.6,58.5,56.5,65.9,54.9
2026-03-06,KXHIGHTDC,49.7,52.1,50.7,53.7,51.0
2026-03-07,KXHIGHTDC,60.4,67.1,62.0,65.5,65.5
2026-03-08,KXHIGHTDC,75.2,72.6,72.6,75.5,73.1
2026-03-09,KXHIGHTDC,77.3,73.8,73.7,77.1,71.1
2026-03-10,KXHIGHTDC,85.9,81.4,81.8,84.1,79.3
2026-03-11,KXHIGHTDC,86.5,79.8,80.9,88.5,78.7
2026-03-12,KXHIGHTDC,80.6,73.8,72.7,76.6,75.9
2026-03-13,KXHIGHTDC,55.5,53.0,54.7,55.3,53.2
2026-03-14,KXHIGHTDC,60.7,58.0,58.3,61.8,55.9
2026-03-15,KXHIGHTDC,57.1,54.0,57.1,59.5,56.1
2026-03-16,KXHIGHTDC,67.1,68.5,69.8,72.4,69.4
2026-03-17,KXHIGHTDC,40.9,40.3,41.0,42.1,46.5
2026-03-18,KXHIGHTDC,42.2,39.7,40.0,43.9,38.9
2026-03-19,KXHIGHTDC,58.3,55.1,54.5,59.0,53.3
2026-03-20,KXHIGHTDC,72.7,70.1,71.0,74.4,68.8
2026-03-21,KXHIGHTDC,70.7,66.8,68.4,73.4,64.7
2026-03-22,KXHIGHTDC,83.8,80.6,81.5,85.8,76.6
2026-03-23,KXHIGHTDC,72.1,65.6,69.3,75.4,67.9
2026-03-24,KXHIGHTDC,52.4,49.9,50.2,54.7,49.3
2026-03-25,KXHIGHTDC,60.2,57.6,56.8,62.0,57.1
2026-03-26,KXHIGHTDC,80.2,78.8,79.4,82.2,75.8
2026-03-27,KXHIGHTDC,75.7,72.7,68.9,75.1,71.0
2026-03-28,KXHIGHTDC,50.6,48.2,48.7,52.0,48.2
2026-03-29,KXHIGHTDC,62.2,60.3,60.9,63.6,60.6
2026-03-30,KXHIGHTDC,71.7,69.9,65.8,75.4,65.0
2026-03-31,KXHIGHTDC,83.5,82.3,81.6,85.8,79.8
2026-04-01,KXHIGHTDC,87.3,87.2,84.8,89.6,82.0
2026-04-02,KXHIGHTDC,63.9,65.4,67.1,69.0,69.1
2026-04-03,KXHIGHTDC,83.6,81.8,81.5,83.3,78.3
2026-04-04,KXHIGHTDC,87.9,85.2,85.7,91.0,81.9
2026-04-05,KXHIGHTDC,75.2,74.0,71.3,77.5,73.1
2026-04-06,KXHIGHTDC,62.4,60.2,60.6,65.2,60.0
2026-04-07,KXHIGHTDC,57.0,55.0,56.6,59.2,55.2
2026-04-08,KXHIGHTDC,55.0,52.5,52.9,57.5,49.5
2026-04-09,KXHIGHTDC,64.1,61.1,60.9,66.7,57.2
2026-04-10,KXHIGHTDC,77.0,75.6,74.3,78.3,72.3
2026-04-11,KXHIGHTDC,71.7,70.6,70.1,73.2,68.1
2026-04-12,KXHIGHTDC,72.9,72.8,70.7,75.4,66.2
2026-04-13,KXHIGHTDC,81.5,80.1,79.3,83.5,78.3
2026-04-14,KXHIGHTDC,88.8,88.1,87.2,91.6,86.0
2026-04-15,KXHIGHTDC,90.5,91.8,90.0,94.8,86.7
2026-04-16,KXHIGHTDC,91.8,93.0,90.5,94.4,90.1
